Holdout,True Effect Size,Theoretical Alpha,Theoretical Beta,Sample Budget,Repetition,Seed,True Positive,False Positive,True Negative,False Negative,Average True Positive Samples,Simulated Alpha,Simulated Beta
0,0.1,0.001,0.8,200,0,2060213040,40,2,998,960,158.75,0.002,0.04
0,0.1,0.001,0.8,200,1,3154583747,56,3,997,944,151.78571428571428,0.003,0.056
0,0.1,0.001,0.8,200,2,1977517633,64,4,996,936,158.59375,0.004,0.064
0,0.1,0.001,0.8,200,3,3066078385,45,3,997,955,160.0,0.003,0.045
0,0.1,0.001,0.8,200,4,3089397608,54,1,999,946,148.14814814814815,0.001,0.054
0,0.1,0.001,0.8,200,5,532788745,51,0,1000,949,156.86274509803923,0.0,0.051
0,0.1,0.001,0.8,200,6,2867174976,46,3,997,954,153.80434782608697,0.003,0.046
0,0.1,0.001,0.8,200,7,4034920511,60,3,997,940,153.75,0.003,0.06
0,0.1,0.001,0.8,200,8,1072863859,46,3,997,954,144.02173913043478,0.003,0.046
0,0.1,0.001,0.8,200,9,1080235989,38,1,999,962,150.6578947368421,0.001,0.038
0,0.1,0.001,0.8,500,0,4200449857,169,4,996,831,349.70414201183434,0.004,0.169
0,0.1,0.001,0.8,500,1,1349861432,172,7,993,828,362.2093023255814,0.007,0.172
0,0.1,0.001,0.8,500,2,660147310,173,4,996,827,358.3815028901734,0.004,0.173
0,0.1,0.001,0.8,500,3,3165744179,180,8,992,820,355.0,0.008,0.18
0,0.1,0.001,0.8,500,4,1997832697,181,3,997,819,360.77348066298345,0.003,0.181
0,0.1,0.001,0.8,500,5,2149035163,178,4,996,822,369.1011235955056,0.004,0.178
0,0.1,0.001,0.8,500,6,2297081064,197,5,995,803,359.39086294416245,0.005,0.197
0,0.1,0.001,0.8,500,7,1030671786,164,4,996,836,350.609756097561,0.004,0.164
0,0.1,0.001,0.8,500,8,2852919484,176,5,995,824,365.34090909090907,0.005,0.176
0,0.1,0.001,0.8,500,9,533287686,165,4,996,835,367.27272727272725,0.004,0.165
0,0.1,0.001,0.8,1000,0,3117836961,481,4,996,519,719.3347193347194,0.004,0.481
0,0.1,0.001,0.8,1000,1,1408109306,511,2,998,489,738.013698630137,0.002,0.511
0,0.1,0.001,0.8,1000,2,456335665,499,6,994,501,731.2625250501002,0.006,0.499
0,0.1,0.001,0.8,1000,3,102663166,479,2,998,521,739.3006263048017,0.002,0.479
0,0.1,0.001,0.8,1000,4,1725106843,479,3,997,521,724.7390396659707,0.003,0.479
0,0.1,0.001,0.8,1000,5,808442827,513,2,998,487,698.6842105263158,0.002,0.513
0,0.1,0.001,0.8,1000,6,2882813864,486,3,997,514,700.0,0.003,0.486
0,0.1,0.001,0.8,1000,7,1584070675,475,5,995,525,704.8947368421053,0.005,0.475
0,0.1,0.001,0.8,1000,8,2339823783,507,4,996,493,714.6449704142012,0.004,0.507
0,0.1,0.001,0.8,1000,9,2156917470,490,6,994,510,725.8673469387755,0.006,0.49
0,0.1,0.005,0.8,200,0,1314651005,114,16,984,886,143.2017543859649,0.016,0.114
0,0.1,0.005,0.8,200,1,1950700294,127,16,984,873,146.6535433070866,0.016,0.127
0,0.1,0.005,0.8,200,2,1499448207,110,16,984,890,143.63636363636363,0.016,0.11
0,0.1,0.005,0.8,200,3,2685251726,107,15,985,893,142.05607476635515,0.015,0.107
0,0.1,0.005,0.8,200,4,131427352,123,17,983,877,144.10569105691056,0.017,0.123
0,0.1,0.005,0.8,200,5,2578506489,111,18,982,889,146.17117117117118,0.018,0.111
0,0.1,0.005,0.8,200,6,2872409955,119,9,991,881,141.5966386554622,0.009,0.119
0,0.1,0.005,0.8,200,7,1996066788,110,16,984,890,143.4090909090909,0.016,0.11
0,0.1,0.005,0.8,200,8,3088683231,128,10,990,872,142.3828125,0.01,0.128
0,0.1,0.005,0.8,200,9,393603399,112,16,984,888,149.10714285714286,0.016,0.112
0,0.1,0.005,0.8,500,0,497282639,327,16,984,673,328.7461773700306,0.016,0.327
0,0.1,0.005,0.8,500,1,3049053499,343,19,981,657,332.3615160349854,0.019,0.343
0,0.1,0.005,0.8,500,2,1255471805,335,19,981,665,335.2238805970149,0.019,0.335
0,0.1,0.005,0.8,500,3,2953385254,338,21,979,662,336.9822485207101,0.021,0.338
0,0.1,0.005,0.8,500,4,429088537,368,14,986,632,342.6630434782609,0.014,0.368
0,0.1,0.005,0.8,500,5,505525613,314,17,983,686,335.9872611464968,0.017,0.314
0,0.1,0.005,0.8,500,6,3361373609,334,20,980,666,339.8203592814371,0.02,0.334
0,0.1,0.005,0.8,500,7,1979916250,339,12,988,661,341.2979351032448,0.012,0.339
0,0.1,0.005,0.8,500,8,1474266197,328,15,985,672,331.7073170731707,0.015,0.328
0,0.1,0.005,0.8,500,9,2805308116,342,16,984,658,343.27485380116957,0.016,0.342
0,0.1,0.005,0.8,1000,0,2157024914,683,13,987,317,637.298682284041,0.013,0.683
0,0.1,0.005,0.8,1000,1,1747737073,673,19,981,327,645.6166419019316,0.019,0.673
0,0.1,0.005,0.8,1000,2,2676490118,664,26,974,336,632.6807228915662,0.026,0.664
0,0.1,0.005,0.8,1000,3,3674205525,679,20,980,321,633.5051546391752,0.02,0.679
0,0.1,0.005,0.8,1000,4,877415473,681,21,979,319,643.5022026431718,0.021,0.681
0,0.1,0.005,0.8,1000,5,2226019911,681,19,981,319,636.5638766519824,0.019,0.681
0,0.1,0.005,0.8,1000,6,4042715739,696,22,978,304,617.8879310344828,0.022,0.696
0,0.1,0.005,0.8,1000,7,1569532410,703,16,984,297,634.1749644381223,0.016,0.703
0,0.1,0.005,0.8,1000,8,4000330009,705,16,984,295,643.1914893617021,0.016,0.705
0,0.1,0.005,0.8,1000,9,1080166493,666,17,983,334,636.1486486486486,0.017,0.666
0,0.1,0.01,0.8,200,0,3097411943,177,21,979,823,140.5367231638418,0.021,0.177
0,0.1,0.01,0.8,200,1,3575236786,185,23,977,815,143.51351351351352,0.023,0.185
0,0.1,0.01,0.8,200,2,1043272246,176,23,977,824,147.4431818181818,0.023,0.176
0,0.1,0.01,0.8,200,3,2038588409,175,28,972,825,143.71428571428572,0.028,0.175
0,0.1,0.01,0.8,200,4,2879242036,170,33,967,830,147.7941176470588,0.033,0.17
0,0.1,0.01,0.8,200,5,2042804215,184,23,977,816,142.66304347826087,0.023,0.184
0,0.1,0.01,0.8,200,6,4205403840,174,15,985,826,145.68965517241378,0.015,0.174
0,0.1,0.01,0.8,200,7,532227436,175,25,975,825,137.57142857142858,0.025,0.175
0,0.1,0.01,0.8,200,8,4162680101,176,24,976,824,137.92613636363637,0.024,0.176
0,0.1,0.01,0.8,200,9,3348186645,176,30,970,824,145.73863636363637,0.03,0.176
0,0.1,0.01,0.8,500,0,272298804,439,29,971,561,310.70615034168566,0.029,0.439
0,0.1,0.01,0.8,500,1,3210649958,407,25,975,593,314.74201474201476,0.025,0.407
0,0.1,0.01,0.8,500,2,4140976762,432,35,965,568,324.30555555555554,0.035,0.432
0,0.1,0.01,0.8,500,3,3074235253,425,28,972,575,318.11764705882354,0.028,0.425
0,0.1,0.01,0.8,500,4,1327074682,455,33,967,545,332.0879120879121,0.033,0.455
0,0.1,0.01,0.8,500,5,1729129800,445,30,970,555,321.7977528089888,0.03,0.445
0,0.1,0.01,0.8,500,6,2535025147,431,33,967,569,313.4570765661253,0.033,0.431
0,0.1,0.01,0.8,500,7,1729620563,417,36,964,583,315.5875299760192,0.036,0.417
0,0.1,0.01,0.8,500,8,3928743485,438,31,969,562,318.72146118721463,0.031,0.438
0,0.1,0.01,0.8,500,9,1542212040,439,30,970,561,322.77904328018224,0.03,0.439
0,0.1,0.01,0.8,1000,0,645293919,778,36,964,222,590.1992287917737,0.036,0.778
0,0.1,0.01,0.8,1000,1,3862505429,755,39,961,245,600.9602649006622,0.039,0.755
0,0.1,0.01,0.8,1000,2,3837094253,767,38,962,233,596.0560625814863,0.038,0.767
0,0.1,0.01,0.8,1000,3,3658901171,765,34,966,235,617.3529411764706,0.034,0.765
0,0.1,0.01,0.8,1000,4,2195812867,749,38,962,251,594.1588785046729,0.038,0.749
0,0.1,0.01,0.8,1000,5,693681592,756,32,968,244,601.4880952380952,0.032,0.756
0,0.1,0.01,0.8,1000,6,617366327,770,37,963,230,584.7727272727273,0.037,0.77
0,0.1,0.01,0.8,1000,7,1650380118,759,32,968,241,586.4624505928854,0.032,0.759
0,0.1,0.01,0.8,1000,8,1236425326,762,37,963,238,581.8897637795276,0.037,0.762
0,0.1,0.01,0.8,1000,9,477622856,766,39,961,234,580.8420365535248,0.039,0.766
0,0.1,0.05,0.8,200,0,3580186274,375,117,883,625,137.2,0.117,0.375
0,0.1,0.05,0.8,200,1,4062237784,387,104,896,613,129.39276485788113,0.104,0.387
0,0.1,0.05,0.8,200,2,1759201572,394,107,893,606,133.43908629441626,0.107,0.394
0,0.1,0.05,0.8,200,3,450547519,364,93,907,636,133.31043956043956,0.093,0.364
0,0.1,0.05,0.8,200,4,2077499870,382,110,890,618,134.22774869109946,0.11,0.382
0,0.1,0.05,0.8,200,5,3270193001,410,103,897,590,135.67073170731706,0.103,0.41
0,0.1,0.05,0.8,200,6,3867309643,396,105,895,604,134.40656565656565,0.105,0.396
0,0.1,0.05,0.8,200,7,3880841229,356,101,899,644,131.03932584269663,0.101,0.356
0,0.1,0.05,0.8,200,8,3024414287,371,118,882,629,132.8167115902965,0.118,0.371
0,0.1,0.05,0.8,200,9,521914869,375,97,903,625,133.73333333333332,0.097,0.375
0,0.1,0.05,0.8,500,0,259543071,685,136,864,315,272.992700729927,0.136,0.685
0,0.1,0.05,0.8,500,1,1121742059,681,116,884,319,271.2187958883994,0.116,0.681
0,0.1,0.05,0.8,500,2,1610494697,668,161,839,332,268.2634730538922,0.161,0.668
0,0.1,0.05,0.8,500,3,1740906151,684,122,878,316,264.1812865497076,0.122,0.684
0,0.1,0.05,0.8,500,4,1526026506,669,154,846,331,283.4080717488789,0.154,0.669
0,0.1,0.05,0.8,500,5,3062856501,685,128,872,315,274.8905109489051,0.128,0.685
0,0.1,0.05,0.8,500,6,774700946,704,136,864,296,272.8693181818182,0.136,0.704
0,0.1,0.05,0.8,500,7,3508509558,706,146,854,294,274.5042492917847,0.146,0.706
0,0.1,0.05,0.8,500,8,2551252700,691,133,867,309,275.397973950796,0.133,0.691
0,0.1,0.05,0.8,500,9,2645931115,687,120,880,313,268.41339155749637,0.12,0.687
0,0.1,0.05,0.8,1000,0,1271775737,928,140,860,72,453.98706896551727,0.14,0.928
0,0.1,0.05,0.8,1000,1,3885998977,915,168,832,85,485.327868852459,0.168,0.915
0,0.1,0.05,0.8,1000,2,195214657,925,166,834,75,477.5135135135135,0.166,0.925
0,0.1,0.05,0.8,1000,3,2150740023,918,148,852,82,469.3627450980392,0.148,0.918
0,0.1,0.05,0.8,1000,4,970662159,899,146,854,101,480.42269187986653,0.146,0.899
0,0.1,0.05,0.8,1000,5,3995710798,916,150,850,84,456.4137554585153,0.15,0.916
0,0.1,0.05,0.8,1000,6,3768920259,918,156,844,82,456.8627450980392,0.156,0.918
0,0.1,0.05,0.8,1000,7,2055107581,922,163,837,78,459.70715835141,0.163,0.922
0,0.1,0.05,0.8,1000,8,1154841209,907,164,836,93,460.1984564498346,0.164,0.907
0,0.1,0.05,0.8,1000,9,1169933830,914,157,843,86,483.28774617067836,0.157,0.914
0,0.1,0.1,0.8,200,0,1322523520,511,217,783,489,127.00587084148728,0.217,0.511
0,0.1,0.1,0.8,200,1,1716497311,525,208,792,475,129.38095238095238,0.208,0.525
0,0.1,0.1,0.8,200,2,2805003310,516,211,789,484,126.30813953488372,0.211,0.516
0,0.1,0.1,0.8,200,3,2302957621,548,194,806,452,126.64233576642336,0.194,0.548
0,0.1,0.1,0.8,200,4,898541594,499,198,802,501,128.85771543086173,0.198,0.499
0,0.1,0.1,0.8,200,5,2113035121,528,194,806,472,128.7405303030303,0.194,0.528
0,0.1,0.1,0.8,200,6,3152696730,508,199,801,492,127.21456692913385,0.199,0.508
0,0.1,0.1,0.8,200,7,4219029374,516,202,798,484,125.3875968992248,0.202,0.516
0,0.1,0.1,0.8,200,8,79220560,496,228,772,504,129.33467741935485,0.228,0.496
0,0.1,0.1,0.8,200,9,156790501,523,193,807,477,127.5812619502868,0.193,0.523
0,0.1,0.1,0.8,500,0,211823447,781,269,731,219,235.2112676056338,0.269,0.781
0,0.1,0.1,0.8,500,1,3415624841,806,265,735,194,234.7394540942928,0.265,0.806
0,0.1,0.1,0.8,500,2,1578930483,773,281,719,227,242.8201811125485,0.281,0.773
0,0.1,0.1,0.8,500,3,1715843122,784,245,755,216,241.7091836734694,0.245,0.784
0,0.1,0.1,0.8,500,4,2403524339,775,261,739,225,244.7741935483871,0.261,0.775
0,0.1,0.1,0.8,500,5,2214465854,814,272,728,186,245.33169533169533,0.272,0.814
0,0.1,0.1,0.8,500,6,1532798850,799,263,737,201,251.68961201501878,0.263,0.799
0,0.1,0.1,0.8,500,7,2366913135,783,277,723,217,241.12388250319285,0.277,0.783
0,0.1,0.1,0.8,500,8,155720477,808,255,745,192,247.27722772277227,0.255,0.808
0,0.1,0.1,0.8,500,9,1531053646,829,245,755,171,244.270205066345,0.245,0.829
0,0.1,0.1,0.8,1000,0,2484452225,960,303,697,40,378.90625,0.303,0.96
0,0.1,0.1,0.8,1000,1,71055024,965,261,739,35,397.7461139896373,0.261,0.965
0,0.1,0.1,0.8,1000,2,2494259814,961,277,723,39,395.00520291363165,0.277,0.961
0,0.1,0.1,0.8,1000,3,1080174596,945,292,708,55,413.0952380952381,0.292,0.945
0,0.1,0.1,0.8,1000,4,3380171468,946,278,722,54,390.169133192389,0.278,0.946
0,0.1,0.1,0.8,1000,5,3013769900,953,281,719,47,396.77334732423924,0.281,0.953
0,0.1,0.1,0.8,1000,6,3286806539,958,257,743,42,392.40605427974947,0.257,0.958
0,0.1,0.1,0.8,1000,7,1650391290,966,269,731,34,394.1770186335404,0.269,0.966
0,0.1,0.1,0.8,1000,8,3223394041,966,312,688,34,394.1770186335404,0.312,0.966
0,0.1,0.1,0.8,1000,9,311197630,958,282,718,42,396.63361169102296,0.282,0.958
0,0.1,0.5,0.8,200,0,1708792056,915,771,229,85,112.26775956284153,0.771,0.915
0,0.1,0.5,0.8,200,1,2672870131,926,774,226,74,112.82397408207343,0.774,0.926
0,0.1,0.5,0.8,200,2,1982273674,926,787,213,74,113.01295896328294,0.787,0.926
0,0.1,0.5,0.8,200,3,1024290403,916,781,219,84,113.81004366812228,0.781,0.916
0,0.1,0.5,0.8,200,4,3752543143,894,793,207,106,113.95413870246085,0.793,0.894
0,0.1,0.5,0.8,200,5,2604932802,924,807,193,76,112.63528138528139,0.807,0.924
0,0.1,0.5,0.8,200,6,110155789,903,788,212,97,111.65559246954595,0.788,0.903
0,0.1,0.5,0.8,200,7,3120822951,899,787,213,101,111.84649610678532,0.787,0.899
0,0.1,0.5,0.8,200,8,656798482,924,793,207,76,112.55411255411255,0.793,0.924
0,0.1,0.5,0.8,200,9,1455303174,911,777,223,89,112.18441273326016,0.777,0.911
0,0.1,0.5,0.8,500,0,1098152181,987,875,125,13,151.67173252279636,0.875,0.987
0,0.1,0.5,0.8,500,1,2210737398,981,876,124,19,146.07543323139654,0.876,0.981
0,0.1,0.5,0.8,500,2,494255957,989,851,149,11,142.36602628918098,0.851,0.989
0,0.1,0.5,0.8,500,3,3791126146,981,887,113,19,156.06523955147807,0.887,0.981
0,0.1,0.5,0.8,500,4,3009493271,977,875,125,23,147.18526100307062,0.875,0.977
0,0.1,0.5,0.8,500,5,4119573161,980,876,124,20,150.91836734693877,0.876,0.98
0,0.1,0.5,0.8,500,6,409306504,986,866,134,14,148.4787018255578,0.866,0.986
0,0.1,0.5,0.8,500,7,4073679445,983,889,111,17,149.6439471007121,0.889,0.983
0,0.1,0.5,0.8,500,8,2118731463,982,861,139,18,150.6109979633401,0.861,0.982
0,0.1,0.5,0.8,500,9,1656331698,988,875,125,12,150.40485829959513,0.875,0.988
0,0.1,0.5,0.8,1000,0,2145375717,999,894,106,1,188.06306306306305,0.894,0.999
0,0.1,0.5,0.8,1000,1,1588069627,998,875,125,2,195.36573146292585,0.875,0.998
0,0.1,0.5,0.8,1000,2,2813084668,999,883,117,1,199.0990990990991,0.883,0.999
0,0.1,0.5,0.8,1000,3,4231521972,1000,899,101,0,196.075,0.899,1.0
0,0.1,0.5,0.8,1000,4,4107995609,996,902,98,4,189.4578313253012,0.902,0.996
0,0.1,0.5,0.8,1000,5,4087782264,999,906,94,1,188.06306306306305,0.906,0.999
0,0.1,0.5,0.8,1000,6,2154840368,999,901,99,1,186.26126126126127,0.901,0.999
0,0.1,0.5,0.8,1000,7,2058133626,999,900,100,1,194.81981981981983,0.9,0.999
0,0.1,0.5,0.8,1000,8,3812726333,995,896,104,5,185.47738693467338,0.896,0.995
0,0.1,0.5,0.8,1000,9,990515540,1000,881,119,0,191.8,0.881,1.0
0,0.1,1.0,0.8,200,0,1520195192,1000,1000,0,0,100.0,1.0,1.0
0,0.1,1.0,0.8,200,1,748084320,1000,1000,0,0,100.0,1.0,1.0
0,0.1,1.0,0.8,200,2,598757937,1000,1000,0,0,100.0,1.0,1.0
0,0.1,1.0,0.8,200,3,2431009992,1000,1000,0,0,100.0,1.0,1.0
0,0.1,1.0,0.8,200,4,2871857346,1000,1000,0,0,100.0,1.0,1.0
0,0.1,1.0,0.8,200,5,3604262155,1000,1000,0,0,100.0,1.0,1.0
0,0.1,1.0,0.8,200,6,4194594126,1000,1000,0,0,100.0,1.0,1.0
0,0.1,1.0,0.8,200,7,284249558,1000,1000,0,0,100.0,1.0,1.0
0,0.1,1.0,0.8,200,8,2371929626,1000,1000,0,0,100.0,1.0,1.0
0,0.1,1.0,0.8,200,9,4266914714,1000,1000,0,0,100.0,1.0,1.0
0,0.1,1.0,0.8,500,0,4216294346,1000,1000,0,0,100.0,1.0,1.0
0,0.1,1.0,0.8,500,1,57974720,1000,1000,0,0,100.0,1.0,1.0
0,0.1,1.0,0.8,500,2,3771864491,1000,1000,0,0,100.0,1.0,1.0
0,0.1,1.0,0.8,500,3,775667507,1000,1000,0,0,100.0,1.0,1.0
0,0.1,1.0,0.8,500,4,1251966463,1000,1000,0,0,100.0,1.0,1.0
0,0.1,1.0,0.8,500,5,2337963888,1000,1000,0,0,100.0,1.0,1.0
0,0.1,1.0,0.8,500,6,1787381412,1000,1000,0,0,100.0,1.0,1.0
0,0.1,1.0,0.8,500,7,3925632296,1000,1000,0,0,100.0,1.0,1.0
0,0.1,1.0,0.8,500,8,2295865609,1000,1000,0,0,100.0,1.0,1.0
0,0.1,1.0,0.8,500,9,1285888213,1000,1000,0,0,100.0,1.0,1.0
0,0.1,1.0,0.8,1000,0,623110981,1000,1000,0,0,100.0,1.0,1.0
0,0.1,1.0,0.8,1000,1,62389741,1000,1000,0,0,100.0,1.0,1.0
0,0.1,1.0,0.8,1000,2,2559360085,1000,1000,0,0,100.0,1.0,1.0
0,0.1,1.0,0.8,1000,3,3202724692,1000,1000,0,0,100.0,1.0,1.0
0,0.1,1.0,0.8,1000,4,1224320264,1000,1000,0,0,100.0,1.0,1.0
0,0.1,1.0,0.8,1000,5,3655252879,1000,1000,0,0,100.0,1.0,1.0
0,0.1,1.0,0.8,1000,6,1435274231,1000,1000,0,0,100.0,1.0,1.0
0,0.1,1.0,0.8,1000,7,1896029007,1000,1000,0,0,100.0,1.0,1.0
0,0.1,1.0,0.8,1000,8,1086132210,1000,1000,0,0,100.0,1.0,1.0
0,0.1,1.0,0.8,1000,9,325394236,1000,1000,0,0,100.0,1.0,1.0
0,0.25,0.001,0.8,200,0,3835296080,626,2,998,374,144.36900958466452,0.002,0.626
0,0.25,0.001,0.8,200,1,1703234524,626,1,999,374,138.37859424920129,0.001,0.626
0,0.25,0.001,0.8,200,2,1791394134,626,3,997,374,143.13099041533548,0.003,0.626
0,0.25,0.001,0.8,200,3,1901869703,611,1,999,389,140.87561374795416,0.001,0.611
0,0.25,0.001,0.8,200,4,3914348075,606,5,995,394,139.5214521452145,0.005,0.606
0,0.25,0.001,0.8,200,5,2817214018,605,2,998,395,139.79338842975207,0.002,0.605
0,0.25,0.001,0.8,200,6,1610781176,637,4,996,363,141.2087912087912,0.004,0.637
0,0.25,0.001,0.8,200,7,1774559359,613,5,995,387,141.6394779771615,0.005,0.613
0,0.25,0.001,0.8,200,8,2841605381,655,1,999,345,143.89312977099237,0.001,0.655
0,0.25,0.001,0.8,200,9,3415854125,643,2,998,357,141.83514774494557,0.002,0.643
0,0.25,0.001,0.8,500,0,3896869499,989,1,999,11,233.87259858442872,0.001,0.989
0,0.25,0.001,0.8,500,1,616470338,991,5,995,9,236.93239152371342,0.005,0.991
0,0.25,0.001,0.8,500,2,2417808344,992,2,998,8,239.61693548387098,0.002,0.992
0,0.25,0.001,0.8,500,3,4067161311,987,4,996,13,241.4387031408308,0.004,0.987
0,0.25,0.001,0.8,500,4,1632084894,986,5,995,14,238.13387423935092,0.005,0.986
0,0.25,0.001,0.8,500,5,1371920614,990,7,993,10,240.40404040404042,0.007,0.99
0,0.25,0.001,0.8,500,6,3392103824,986,6,994,14,229.7160243407708,0.006,0.986
0,0.25,0.001,0.8,500,7,2367124426,994,2,998,6,243.56136820925553,0.002,0.994
0,0.25,0.001,0.8,500,8,1800416784,991,2,998,9,235.3178607467205,0.002,0.991
0,0.25,0.001,0.8,500,9,3140430862,988,3,997,12,236.43724696356276,0.003,0.988
0,0.25,0.001,0.8,1000,0,1000280651,1000,5,995,0,315.1,0.005,1.0
0,0.25,0.001,0.8,1000,1,2065876381,1000,4,996,0,304.525,0.004,1.0
0,0.25,0.001,0.8,1000,2,2436015578,1000,4,996,0,306.55,0.004,1.0
0,0.25,0.001,0.8,1000,3,36116720,1000,4,996,0,306.325,0.004,1.0
0,0.25,0.001,0.8,1000,4,1008789152,1000,7,993,0,304.3,0.007,1.0
0,0.25,0.001,0.8,1000,5,4181770750,1000,0,1000,0,306.1,0.0,1.0
0,0.25,0.001,0.8,1000,6,36769801,1000,8,992,0,309.475,0.008,1.0
0,0.25,0.001,0.8,1000,7,3819189398,1000,3,997,0,305.2,0.003,1.0
0,0.25,0.001,0.8,1000,8,2453635634,1000,0,1000,0,302.725,0.0,1.0
0,0.25,0.001,0.8,1000,9,307721952,1000,6,994,0,306.1,0.006,1.0
0,0.25,0.005,0.8,200,0,4210145353,785,13,987,215,129.64968152866243,0.013,0.785
0,0.25,0.005,0.8,200,1,1498061878,803,15,985,197,130.51058530510585,0.015,0.803
0,0.25,0.005,0.8,200,2,1208235302,805,10,990,195,130.65217391304347,0.01,0.805
0,0.25,0.005,0.8,200,3,4289015782,795,10,990,205,130.8490566037736,0.01,0.795
0,0.25,0.005,0.8,200,4,1968476395,789,11,989,211,132.6679340937896,0.011,0.789
0,0.25,0.005,0.8,200,5,1340886566,772,10,990,228,129.82512953367876,0.01,0.772
0,0.25,0.005,0.8,200,6,1761062770,808,17,983,192,130.38366336633663,0.017,0.808
0,0.25,0.005,0.8,200,7,2367355043,806,10,990,194,131.38957816377172,0.01,0.806
0,0.25,0.005,0.8,200,8,2344171921,775,15,985,225,128.1290322580645,0.015,0.775
0,0.25,0.005,0.8,200,9,294686108,797,15,985,203,130.70890840652447,0.015,0.797
0,0.25,0.005,0.8,500,0,1275122436,996,22,978,4,196.28514056224898,0.022,0.996
0,0.25,0.005,0.8,500,1,530403698,997,14,986,3,195.38615847542627,0.014,0.997
0,0.25,0.005,0.8,500,2,1072347745,999,10,990,1,193.2932932932933,0.01,0.999
0,0.25,0.005,0.8,500,3,1243055926,998,11,989,2,192.38476953907815,0.011,0.998
0,0.25,0.005,0.8,500,4,641325237,999,18,982,1,189.6896896896897,0.018,0.999
0,0.25,0.005,0.8,500,5,3574068313,998,20,980,2,189.67935871743487,0.02,0.998
0,0.25,0.005,0.8,500,6,1060996761,999,18,982,1,191.991991991992,0.018,0.999
0,0.25,0.005,0.8,500,7,3713402214,998,21,979,2,193.4869739478958,0.021,0.998
0,0.25,0.005,0.8,500,8,3913106340,996,17,983,4,192.6706827309237,0.017,0.996
0,0.25,0.005,0.8,500,9,2456454204,999,20,980,1,186.7867867867868,0.02,0.999
0,0.25,0.005,0.8,1000,0,159257297,1000,20,980,0,252.775,0.02,1.0
0,0.25,0.005,0.8,1000,1,3531283851,1000,22,978,0,253.0,0.022,1.0
0,0.25,0.005,0.8,1000,2,2870620363,1000,20,980,0,253.225,0.02,1.0
0,0.25,0.005,0.8,1000,3,1503733824,1000,22,978,0,253.9,0.022,1.0
0,0.25,0.005,0.8,1000,4,37980460,1000,21,979,0,255.25,0.021,1.0
0,0.25,0.005,0.8,1000,5,2039230316,1000,18,982,0,250.975,0.018,1.0
0,0.25,0.005,0.8,1000,6,219890906,1000,25,975,0,259.525,0.025,1.0
0,0.25,0.005,0.8,1000,7,1790568091,1000,18,982,0,254.8,0.018,1.0
0,0.25,0.005,0.8,1000,8,1036903990,1000,16,984,0,251.2,0.016,1.0
0,0.25,0.005,0.8,1000,9,3475398644,1000,15,985,0,248.05,0.015,1.0
0,0.25,0.01,0.8,200,0,1237381689,852,28,972,148,126.08568075117371,0.028,0.852
0,0.25,0.01,0.8,200,1,3823290250,847,24,976,153,125.79693034238488,0.024,0.847
0,0.25,0.01,0.8,200,2,1070335397,861,25,975,139,123.54819976771196,0.025,0.861
0,0.25,0.01,0.8,200,3,3287506301,857,34,966,143,127.18786464410735,0.034,0.857
0,0.25,0.01,0.8,200,4,4112817178,873,24,976,127,125.74455899198168,0.024,0.873
0,0.25,0.01,0.8,200,5,354295822,867,25,975,133,123.64475201845444,0.025,0.867
0,0.25,0.01,0.8,200,6,279346755,855,23,977,145,124.5906432748538,0.023,0.855
0,0.25,0.01,0.8,200,7,3556460678,835,28,972,165,125.20958083832335,0.028,0.835
0,0.25,0.01,0.8,200,8,3095323408,843,44,956,157,123.48754448398577,0.044,0.843
0,0.25,0.01,0.8,200,9,1792233182,849,30,970,151,125.0,0.03,0.849
0,0.25,0.01,0.8,500,0,888346662,998,29,971,2,173.14629258517033,0.029,0.998
0,0.25,0.01,0.8,500,1,553822571,1000,31,969,0,172.7,0.031,1.0
0,0.25,0.01,0.8,500,2,3071364146,1000,27,973,0,173.8,0.027,1.0
0,0.25,0.01,0.8,500,3,1183311123,999,36,964,1,176.27627627627626,0.036,0.999
0,0.25,0.01,0.8,500,4,777515887,997,29,971,3,175.92778335005016,0.029,0.997
0,0.25,0.01,0.8,500,5,586971508,1000,42,958,0,173.1,0.042,1.0
0,0.25,0.01,0.8,500,6,3188639178,998,42,958,2,175.5511022044088,0.042,0.998
0,0.25,0.01,0.8,500,7,3621312878,998,36,964,2,173.64729458917836,0.036,0.998
0,0.25,0.01,0.8,500,8,2516382516,998,32,968,2,175.15030060120242,0.032,0.998
0,0.25,0.01,0.8,500,9,389835251,998,28,972,2,172.2444889779559,0.028,0.998
0,0.25,0.01,0.8,1000,0,2677679154,1000,35,965,0,233.425,0.035,1.0
0,0.25,0.01,0.8,1000,1,192374227,1000,37,963,0,228.025,0.037,1.0
0,0.25,0.01,0.8,1000,2,3089673012,1000,26,974,0,227.575,0.026,1.0
0,0.25,0.01,0.8,1000,3,3794772022,1000,26,974,0,228.475,0.026,1.0
0,0.25,0.01,0.8,1000,4,4143486675,1000,37,963,0,230.5,0.037,1.0
0,0.25,0.01,0.8,1000,5,896408910,1000,41,959,0,230.05,0.041,1.0
0,0.25,0.01,0.8,1000,6,3616704462,1000,33,967,0,232.525,0.033,1.0
0,0.25,0.01,0.8,1000,7,2866377835,1000,39,961,0,223.975,0.039,1.0
0,0.25,0.01,0.8,1000,8,489808727,1000,32,968,0,228.475,0.032,1.0
0,0.25,0.01,0.8,1000,9,2440864247,1000,29,971,0,232.525,0.029,1.0
0,0.25,0.05,0.8,200,0,3360212206,950,108,892,50,113.44736842105263,0.108,0.95
0,0.25,0.05,0.8,200,1,1079976413,952,109,891,48,113.4453781512605,0.109,0.952
0,0.25,0.05,0.8,200,2,1503137099,962,113,887,38,113.27962577962577,0.113,0.962
0,0.25,0.05,0.8,200,3,2853234623,956,113,887,44,113.33682008368201,0.113,0.956
0,0.25,0.05,0.8,200,4,1591213916,954,103,897,46,114.75366876310272,0.103,0.954
0,0.25,0.05,0.8,200,5,581609340,953,110,890,47,112.61804826862539,0.11,0.953
0,0.25,0.05,0.8,200,6,1708542163,951,112,888,49,113.48580441640378,0.112,0.951
0,0.25,0.05,0.8,200,7,804053257,962,130,870,38,114.21517671517671,0.13,0.962
0,0.25,0.05,0.8,200,8,4238459162,954,114,886,46,113.36477987421384,0.114,0.954
0,0.25,0.05,0.8,200,9,1924081349,948,92,908,52,112.13080168776371,0.092,0.948
0,0.25,0.05,0.8,500,0,2991189252,1000,152,848,0,137.2,0.152,1.0
0,0.25,0.05,0.8,500,1,985624976,1000,144,856,0,135.2,0.144,1.0
0,0.25,0.05,0.8,500,2,758374578,1000,139,861,0,137.7,0.139,1.0
0,0.25,0.05,0.8,500,3,894310548,1000,152,848,0,136.7,0.152,1.0
0,0.25,0.05,0.8,500,4,2057572383,1000,137,863,0,135.4,0.137,1.0
0,0.25,0.05,0.8,500,5,1109331217,1000,142,858,0,137.7,0.142,1.0
0,0.25,0.05,0.8,500,6,2176695439,1000,157,843,0,134.0,0.157,1.0
0,0.25,0.05,0.8,500,7,3121774381,1000,161,839,0,139.3,0.161,1.0
0,0.25,0.05,0.8,500,8,2934577356,1000,148,852,0,132.4,0.148,1.0
0,0.25,0.05,0.8,500,9,2825926154,1000,138,862,0,131.9,0.138,1.0
0,0.25,0.05,0.8,1000,0,1083023267,1000,167,833,0,167.725,0.167,1.0
0,0.25,0.05,0.8,1000,1,806734782,1000,170,830,0,167.725,0.17,1.0
0,0.25,0.05,0.8,1000,2,3870028629,1000,141,859,0,170.875,0.141,1.0
0,0.25,0.05,0.8,1000,3,2524618198,1000,152,848,0,171.325,0.152,1.0
0,0.25,0.05,0.8,1000,4,2510351025,1000,159,841,0,169.975,0.159,1.0
0,0.25,0.05,0.8,1000,5,240512234,1000,141,859,0,165.25,0.141,1.0
0,0.25,0.05,0.8,1000,6,1071267764,1000,149,851,0,168.175,0.149,1.0
0,0.25,0.05,0.8,1000,7,1893688675,1000,151,849,0,165.7,0.151,1.0
0,0.25,0.05,0.8,1000,8,1273956839,1000,143,857,0,170.2,0.143,1.0
0,0.25,0.05,0.8,1000,9,2204114068,1000,152,848,0,169.75,0.152,1.0
0,0.25,0.1,0.8,200,0,3331530616,983,190,810,17,107.80773143438454,0.19,0.983
0,0.25,0.1,0.8,200,1,2354348654,984,207,793,16,108.66361788617886,0.207,0.984
0,0.25,0.1,0.8,200,2,915437127,979,195,805,21,108.2482124616956,0.195,0.979
0,0.25,0.1,0.8,200,3,1065689194,981,204,796,19,108.91946992864425,0.204,0.981
0,0.25,0.1,0.8,200,4,318054879,982,201,799,18,108.40122199592668,0.201,0.982
0,0.25,0.1,0.8,200,5,2391416408,984,202,798,16,108.05386178861788,0.202,0.984
0,0.25,0.1,0.8,200,6,3838066725,989,184,816,11,108.19009100101113,0.184,0.989
0,0.25,0.1,0.8,200,7,1015032755,980,217,783,20,107.95918367346938,0.217,0.98
0,0.25,0.1,0.8,200,8,336239178,984,209,791,16,108.61280487804878,0.209,0.984
0,0.25,0.1,0.8,200,9,3014464205,978,212,788,22,109.45807770961146,0.212,0.978
0,0.25,0.1,0.8,500,0,2822092597,1000,241,759,0,123.0,0.241,1.0
0,0.25,0.1,0.8,500,1,545013314,1000,254,746,0,120.1,0.254,1.0
0,0.25,0.1,0.8,500,2,587258145,1000,272,728,0,122.6,0.272,1.0
0,0.25,0.1,0.8,500,3,1190750420,1000,266,734,0,120.8,0.266,1.0
0,0.25,0.1,0.8,500,4,433904029,1000,245,755,0,121.1,0.245,1.0
0,0.25,0.1,0.8,500,5,3313955920,1000,261,739,0,126.2,0.261,1.0
0,0.25,0.1,0.8,500,6,805183595,1000,244,756,0,121.5,0.244,1.0
0,0.25,0.1,0.8,500,7,2591305656,1000,281,719,0,125.1,0.281,1.0
0,0.25,0.1,0.8,500,8,1264759492,1000,245,755,0,123.2,0.245,1.0
0,0.25,0.1,0.8,500,9,2139657509,1000,239,761,0,123.5,0.239,1.0
0,0.25,0.1,0.8,1000,0,4077088107,1000,293,707,0,146.35,0.293,1.0
0,0.25,0.1,0.8,1000,1,4019710788,1000,281,719,0,138.025,0.281,1.0
0,0.25,0.1,0.8,1000,2,2444873520,1000,296,704,0,145.45,0.296,1.0
0,0.25,0.1,0.8,1000,3,3842910887,1000,287,713,0,148.6,0.287,1.0
0,0.25,0.1,0.8,1000,4,417347252,1000,278,722,0,140.5,0.278,1.0
0,0.25,0.1,0.8,1000,5,1440080474,1000,291,709,0,146.575,0.291,1.0
0,0.25,0.1,0.8,1000,6,4094348687,1000,254,746,0,146.35,0.254,1.0
0,0.25,0.1,0.8,1000,7,1350597573,1000,269,731,0,142.3,0.269,1.0
0,0.25,0.1,0.8,1000,8,2627438706,1000,293,707,0,140.95,0.293,1.0
0,0.25,0.1,0.8,1000,9,2385393091,1000,304,696,0,147.025,0.304,1.0
0,0.25,0.5,0.8,200,0,3174520550,1000,790,210,0,101.475,0.79,1.0
0,0.25,0.5,0.8,200,1,2667355988,999,793,207,1,100.67567567567568,0.793,0.999
0,0.25,0.5,0.8,200,2,1448791789,1000,783,217,0,101.625,0.783,1.0
0,0.25,0.5,0.8,200,3,1480765114,999,771,229,1,101.2012012012012,0.771,0.999
0,0.25,0.5,0.8,200,4,1056222747,1000,804,196,0,101.25,0.804,1.0
0,0.25,0.5,0.8,200,5,96463418,1000,813,187,0,101.3,0.813,1.0
0,0.25,0.5,0.8,200,6,890905719,999,788,212,1,101.25125125125125,0.788,0.999
0,0.25,0.5,0.8,200,7,3676376835,1000,801,199,0,101.4,0.801,1.0
0,0.25,0.5,0.8,200,8,753896001,999,775,225,1,101.35135135135135,0.775,0.999
0,0.25,0.5,0.8,200,9,784495001,998,791,209,2,101.55310621242485,0.791,0.998
0,0.25,0.5,0.8,500,0,1045127816,1000,876,124,0,104.2,0.876,1.0
0,0.25,0.5,0.8,500,1,1858590987,1000,857,143,0,102.5,0.857,1.0
0,0.25,0.5,0.8,500,2,1451515670,1000,867,133,0,104.2,0.867,1.0
0,0.25,0.5,0.8,500,3,1977433996,1000,863,137,0,103.0,0.863,1.0
0,0.25,0.5,0.8,500,4,2463503548,1000,864,136,0,103.8,0.864,1.0
0,0.25,0.5,0.8,500,5,1126973216,1000,889,111,0,103.1,0.889,1.0
0,0.25,0.5,0.8,500,6,236119288,1000,865,135,0,103.6,0.865,1.0
0,0.25,0.5,0.8,500,7,111797154,1000,880,120,0,102.2,0.88,1.0
0,0.25,0.5,0.8,500,8,3833254191,1000,866,134,0,103.7,0.866,1.0
0,0.25,0.5,0.8,500,9,1178521774,1000,865,135,0,103.9,0.865,1.0
0,0.25,0.5,0.8,1000,0,2277330205,1000,893,107,0,106.525,0.893,1.0
0,0.25,0.5,0.8,1000,1,9044628,1000,895,105,0,107.2,0.895,1.0
0,0.25,0.5,0.8,1000,2,4281121261,1000,893,107,0,107.65,0.893,1.0
0,0.25,0.5,0.8,1000,3,330954958,1000,896,104,0,108.1,0.896,1.0
0,0.25,0.5,0.8,1000,4,462493997,1000,912,88,0,110.125,0.912,1.0
0,0.25,0.5,0.8,1000,5,1349200817,1000,904,96,0,107.425,0.904,1.0
0,0.25,0.5,0.8,1000,6,1102946869,1000,897,103,0,109.45,0.897,1.0
0,0.25,0.5,0.8,1000,7,2044776633,1000,891,109,0,107.425,0.891,1.0
0,0.25,0.5,0.8,1000,8,1998550061,1000,905,95,0,107.65,0.905,1.0
0,0.25,0.5,0.8,1000,9,1114963216,1000,898,102,0,106.975,0.898,1.0
0,0.25,1.0,0.8,200,0,1457665809,1000,1000,0,0,100.0,1.0,1.0
0,0.25,1.0,0.8,200,1,2683393730,1000,1000,0,0,100.0,1.0,1.0
0,0.25,1.0,0.8,200,2,2171926180,1000,1000,0,0,100.0,1.0,1.0
0,0.25,1.0,0.8,200,3,66804337,1000,1000,0,0,100.0,1.0,1.0
0,0.25,1.0,0.8,200,4,3845696691,1000,1000,0,0,100.0,1.0,1.0
0,0.25,1.0,0.8,200,5,1480901076,1000,1000,0,0,100.0,1.0,1.0
0,0.25,1.0,0.8,200,6,637996766,1000,1000,0,0,100.0,1.0,1.0
0,0.25,1.0,0.8,200,7,4172030546,1000,1000,0,0,100.0,1.0,1.0
0,0.25,1.0,0.8,200,8,3000043242,1000,1000,0,0,100.0,1.0,1.0
0,0.25,1.0,0.8,200,9,765651442,1000,1000,0,0,100.0,1.0,1.0
0,0.25,1.0,0.8,500,0,614899989,1000,1000,0,0,100.0,1.0,1.0
0,0.25,1.0,0.8,500,1,436670265,1000,1000,0,0,100.0,1.0,1.0
0,0.25,1.0,0.8,500,2,1075192304,1000,1000,0,0,100.0,1.0,1.0
0,0.25,1.0,0.8,500,3,3283316758,1000,1000,0,0,100.0,1.0,1.0
0,0.25,1.0,0.8,500,4,1767543456,1000,1000,0,0,100.0,1.0,1.0
0,0.25,1.0,0.8,500,5,2707841997,1000,1000,0,0,100.0,1.0,1.0
0,0.25,1.0,0.8,500,6,1277560819,1000,1000,0,0,100.0,1.0,1.0
0,0.25,1.0,0.8,500,7,4245911844,1000,1000,0,0,100.0,1.0,1.0
0,0.25,1.0,0.8,500,8,922404265,1000,1000,0,0,100.0,1.0,1.0
0,0.25,1.0,0.8,500,9,327753843,1000,1000,0,0,100.0,1.0,1.0
0,0.25,1.0,0.8,1000,0,106993908,1000,1000,0,0,100.0,1.0,1.0
0,0.25,1.0,0.8,1000,1,403887606,1000,1000,0,0,100.0,1.0,1.0
0,0.25,1.0,0.8,1000,2,2921502182,1000,1000,0,0,100.0,1.0,1.0
0,0.25,1.0,0.8,1000,3,2701971034,1000,1000,0,0,100.0,1.0,1.0
0,0.25,1.0,0.8,1000,4,918675170,1000,1000,0,0,100.0,1.0,1.0
0,0.25,1.0,0.8,1000,5,2417060942,1000,1000,0,0,100.0,1.0,1.0
0,0.25,1.0,0.8,1000,6,2996164856,1000,1000,0,0,100.0,1.0,1.0
0,0.25,1.0,0.8,1000,7,2022260228,1000,1000,0,0,100.0,1.0,1.0
0,0.25,1.0,0.8,1000,8,240483621,1000,1000,0,0,100.0,1.0,1.0
0,0.25,1.0,0.8,1000,9,1206606546,1000,1000,0,0,100.0,1.0,1.0
0,0.5,0.001,0.8,200,0,1294630318,1000,4,996,0,101.425,0.004,1.0
0,0.5,0.001,0.8,200,1,165874730,1000,0,1000,0,102.15,0.0,1.0
0,0.5,0.001,0.8,200,2,2027195578,1000,4,996,0,101.775,0.004,1.0
0,0.5,0.001,0.8,200,3,3317067240,1000,3,997,0,101.7,0.003,1.0
0,0.5,0.001,0.8,200,4,2212696570,999,2,998,1,101.77677677677677,0.002,0.999
0,0.5,0.001,0.8,200,5,2891873070,1000,0,1000,0,101.725,0.0,1.0
0,0.5,0.001,0.8,200,6,2312865768,1000,0,1000,0,101.775,0.0,1.0
0,0.5,0.001,0.8,200,7,65272163,1000,4,996,0,102.0,0.004,1.0
0,0.5,0.001,0.8,200,8,992014222,1000,2,998,0,101.925,0.002,1.0
0,0.5,0.001,0.8,200,9,1819022581,1000,5,995,0,102.15,0.005,1.0
0,0.5,0.001,0.8,500,0,2592535787,1000,7,993,0,105.7,0.007,1.0
0,0.5,0.001,0.8,500,1,4211145971,1000,5,995,0,106.2,0.005,1.0
0,0.5,0.001,0.8,500,2,133943583,1000,1,999,0,106.1,0.001,1.0
0,0.5,0.001,0.8,500,3,1094240785,1000,7,993,0,104.5,0.007,1.0
0,0.5,0.001,0.8,500,4,1477689118,1000,5,995,0,104.9,0.005,1.0
0,0.5,0.001,0.8,500,5,2955699743,1000,5,995,0,105.7,0.005,1.0
0,0.5,0.001,0.8,500,6,2444837996,1000,6,994,0,105.5,0.006,1.0
0,0.5,0.001,0.8,500,7,652210656,1000,3,997,0,105.6,0.003,1.0
0,0.5,0.001,0.8,500,8,2350654478,1000,2,998,0,106.0,0.002,1.0
0,0.5,0.001,0.8,500,9,3514996060,1000,5,995,0,105.5,0.005,1.0
0,0.5,0.001,0.8,1000,0,3423564371,1000,7,993,0,112.6,0.007,1.0
0,0.5,0.001,0.8,1000,1,4283256043,1000,2,998,0,115.525,0.002,1.0
0,0.5,0.001,0.8,1000,2,2877870514,1000,3,997,0,114.625,0.003,1.0
0,0.5,0.001,0.8,1000,3,829796736,1000,3,997,0,109.225,0.003,1.0
0,0.5,0.001,0.8,1000,4,2490987362,1000,4,996,0,114.4,0.004,1.0
0,0.5,0.001,0.8,1000,5,3166519599,1000,7,993,0,112.825,0.007,1.0
0,0.5,0.001,0.8,1000,6,2193869066,1000,4,996,0,113.725,0.004,1.0
0,0.5,0.001,0.8,1000,7,153842153,1000,2,998,0,115.975,0.002,1.0
0,0.5,0.001,0.8,1000,8,1677567953,1000,6,994,0,113.05,0.006,1.0
0,0.5,0.001,0.8,1000,9,565336966,1000,4,996,0,112.6,0.004,1.0
0,0.5,0.005,0.8,200,0,3943549795,1000,19,981,0,100.525,0.019,1.0
0,0.5,0.005,0.8,200,1,2899971755,1000,13,987,0,100.45,0.013,1.0
0,0.5,0.005,0.8,200,2,219446911,1000,19,981,0,100.5,0.019,1.0
0,0.5,0.005,0.8,200,3,3851860278,1000,23,977,0,100.625,0.023,1.0
0,0.5,0.005,0.8,200,4,2640090793,1000,10,990,0,100.6,0.01,1.0
0,0.5,0.005,0.8,200,5,3448617850,1000,15,985,0,100.55,0.015,1.0
0,0.5,0.005,0.8,200,6,1290858069,1000,14,986,0,100.45,0.014,1.0
0,0.5,0.005,0.8,200,7,813708811,1000,11,989,0,100.55,0.011,1.0
0,0.5,0.005,0.8,200,8,1953983409,1000,13,987,0,100.425,0.013,1.0
0,0.5,0.005,0.8,200,9,822238787,1000,16,984,0,100.375,0.016,1.0
0,0.5,0.005,0.8,500,0,1916382241,1000,14,986,0,102.4,0.014,1.0
0,0.5,0.005,0.8,500,1,3709322032,1000,19,981,0,101.8,0.019,1.0
0,0.5,0.005,0.8,500,2,410280093,1000,17,983,0,102.1,0.017,1.0
0,0.5,0.005,0.8,500,3,1386119064,1000,15,985,0,102.0,0.015,1.0
0,0.5,0.005,0.8,500,4,3261953569,1000,16,984,0,101.7,0.016,1.0
0,0.5,0.005,0.8,500,5,2974866500,1000,12,988,0,101.2,0.012,1.0
0,0.5,0.005,0.8,500,6,2568959370,1000,19,981,0,101.7,0.019,1.0
0,0.5,0.005,0.8,500,7,2348878672,1000,18,982,0,102.0,0.018,1.0
0,0.5,0.005,0.8,500,8,3729353686,1000,17,983,0,102.1,0.017,1.0
0,0.5,0.005,0.8,500,9,3668301882,1000,8,992,0,101.3,0.008,1.0
0,0.5,0.005,0.8,1000,0,365288191,1000,10,990,0,104.275,0.01,1.0
0,0.5,0.005,0.8,1000,1,928782966,1000,19,981,0,104.05,0.019,1.0
0,0.5,0.005,0.8,1000,2,3756064173,1000,17,983,0,104.5,0.017,1.0
0,0.5,0.005,0.8,1000,3,1778684840,1000,11,989,0,103.6,0.011,1.0
0,0.5,0.005,0.8,1000,4,2512889409,1000,6,994,0,103.6,0.006,1.0
0,0.5,0.005,0.8,1000,5,2594524693,1000,12,988,0,104.275,0.012,1.0
0,0.5,0.005,0.8,1000,6,2232142941,1000,22,978,0,104.05,0.022,1.0
0,0.5,0.005,0.8,1000,7,4287505500,1000,9,991,0,103.825,0.009,1.0
0,0.5,0.005,0.8,1000,8,580946706,1000,23,977,0,106.3,0.023,1.0
0,0.5,0.005,0.8,1000,9,2421686298,1000,18,982,0,103.825,0.018,1.0
0,0.5,0.01,0.8,200,0,1617189568,1000,27,973,0,100.5,0.027,1.0
0,0.5,0.01,0.8,200,1,418068000,1000,27,973,0,100.425,0.027,1.0
0,0.5,0.01,0.8,200,2,3924552580,1000,23,977,0,100.25,0.023,1.0
0,0.5,0.01,0.8,200,3,2637410468,1000,35,965,0,100.225,0.035,1.0
0,0.5,0.01,0.8,200,4,1959872738,1000,23,977,0,100.2,0.023,1.0
0,0.5,0.01,0.8,200,5,1376392901,1000,27,973,0,100.275,0.027,1.0
0,0.5,0.01,0.8,200,6,1981693462,1000,20,980,0,100.225,0.02,1.0
0,0.5,0.01,0.8,200,7,3233863395,1000,33,967,0,100.45,0.033,1.0
0,0.5,0.01,0.8,200,8,153479786,1000,31,969,0,100.325,0.031,1.0
0,0.5,0.01,0.8,200,9,3048785847,1000,23,977,0,100.25,0.023,1.0
0,0.5,0.01,0.8,500,0,1813090710,1000,37,963,0,101.1,0.037,1.0
0,0.5,0.01,0.8,500,1,1181115928,1000,32,968,0,101.5,0.032,1.0
0,0.5,0.01,0.8,500,2,1040856628,1000,34,966,0,101.0,0.034,1.0
0,0.5,0.01,0.8,500,3,1987127742,1000,35,965,0,101.2,0.035,1.0
0,0.5,0.01,0.8,500,4,3268764360,1000,38,962,0,100.8,0.038,1.0
0,0.5,0.01,0.8,500,5,244397018,1000,30,970,0,101.5,0.03,1.0
0,0.5,0.01,0.8,500,6,3251688899,1000,28,972,0,100.6,0.028,1.0
0,0.5,0.01,0.8,500,7,2970468411,1000,36,964,0,100.8,0.036,1.0
0,0.5,0.01,0.8,500,8,3587765128,1000,40,960,0,101.1,0.04,1.0
0,0.5,0.01,0.8,500,9,69529403,1000,29,971,0,100.9,0.029,1.0
0,0.5,0.01,0.8,1000,0,506776629,1000,29,971,0,101.575,0.029,1.0
0,0.5,0.01,0.8,1000,1,2563878492,1000,37,963,0,102.475,0.037,1.0
0,0.5,0.01,0.8,1000,2,2970698871,1000,34,966,0,102.025,0.034,1.0
0,0.5,0.01,0.8,1000,3,4173051304,1000,25,975,0,102.475,0.025,1.0
0,0.5,0.01,0.8,1000,4,415483097,1000,31,969,0,101.8,0.031,1.0
0,0.5,0.01,0.8,1000,5,1018073101,1000,33,967,0,101.575,0.033,1.0
0,0.5,0.01,0.8,1000,6,3810344498,1000,29,971,0,101.575,0.029,1.0
0,0.5,0.01,0.8,1000,7,859566712,1000,31,969,0,102.25,0.031,1.0
0,0.5,0.01,0.8,1000,8,2128370670,1000,42,958,0,101.125,0.042,1.0
0,0.5,0.01,0.8,1000,9,820007470,1000,49,951,0,101.125,0.049,1.0
0,0.5,0.05,0.8,200,0,2020029492,1000,117,883,0,100.125,0.117,1.0
0,0.5,0.05,0.8,200,1,2768981483,1000,112,888,0,100.025,0.112,1.0
0,0.5,0.05,0.8,200,2,567597794,1000,98,902,0,100.1,0.098,1.0
0,0.5,0.05,0.8,200,3,388135421,1000,123,877,0,100.025,0.123,1.0
0,0.5,0.05,0.8,200,4,4079986175,1000,120,880,0,100.0,0.12,1.0
0,0.5,0.05,0.8,200,5,2830238066,1000,121,879,0,100.025,0.121,1.0
0,0.5,0.05,0.8,200,6,3979618639,1000,95,905,0,100.025,0.095,1.0
0,0.5,0.05,0.8,200,7,1507066894,1000,117,883,0,100.025,0.117,1.0
0,0.5,0.05,0.8,200,8,3124668985,1000,109,891,0,100.025,0.109,1.0
0,0.5,0.05,0.8,200,9,1035613326,1000,121,879,0,100.0,0.121,1.0
0,0.5,0.05,0.8,500,0,2499187590,1000,126,874,0,100.1,0.126,1.0
0,0.5,0.05,0.8,500,1,2855751359,1000,142,858,0,100.0,0.142,1.0
0,0.5,0.05,0.8,500,2,2492940699,1000,137,863,0,100.3,0.137,1.0
0,0.5,0.05,0.8,500,3,2093878359,1000,150,850,0,100.0,0.15,1.0
0,0.5,0.05,0.8,500,4,2981982801,1000,154,846,0,100.2,0.154,1.0
0,0.5,0.05,0.8,500,5,2453908332,1000,141,859,0,100.0,0.141,1.0
0,0.5,0.05,0.8,500,6,2344115485,1000,138,862,0,100.2,0.138,1.0
0,0.5,0.05,0.8,500,7,3742460371,1000,134,866,0,100.2,0.134,1.0
0,0.5,0.05,0.8,500,8,1818552682,1000,142,858,0,100.2,0.142,1.0
0,0.5,0.05,0.8,500,9,2793096881,1000,158,842,0,100.1,0.158,1.0
0,0.5,0.05,0.8,1000,0,3304017243,1000,158,842,0,100.225,0.158,1.0
0,0.5,0.05,0.8,1000,1,1103303468,1000,172,828,0,100.225,0.172,1.0
0,0.5,0.05,0.8,1000,2,3923057326,1000,171,829,0,100.225,0.171,1.0
0,0.5,0.05,0.8,1000,3,2690445949,1000,145,855,0,100.45,0.145,1.0
0,0.5,0.05,0.8,1000,4,3914887851,1000,139,861,0,100.0,0.139,1.0
0,0.5,0.05,0.8,1000,5,704369321,1000,147,853,0,100.45,0.147,1.0
0,0.5,0.05,0.8,1000,6,1304973936,1000,159,841,0,100.45,0.159,1.0
0,0.5,0.05,0.8,1000,7,106756847,1000,173,827,0,100.0,0.173,1.0
0,0.5,0.05,0.8,1000,8,958261191,1000,151,849,0,100.45,0.151,1.0
0,0.5,0.05,0.8,1000,9,136387438,1000,152,848,0,100.225,0.152,1.0
0,0.5,0.1,0.8,200,0,2495344938,1000,220,780,0,100.025,0.22,1.0
0,0.5,0.1,0.8,200,1,778911329,1000,185,815,0,100.0,0.185,1.0
0,0.5,0.1,0.8,200,2,3595236468,1000,207,793,0,100.025,0.207,1.0
0,0.5,0.1,0.8,200,3,3357533188,1000,212,788,0,100.025,0.212,1.0
0,0.5,0.1,0.8,200,4,630185051,1000,201,799,0,100.025,0.201,1.0
0,0.5,0.1,0.8,200,5,3671080619,1000,212,788,0,100.025,0.212,1.0
0,0.5,0.1,0.8,200,6,1466027841,1000,225,775,0,100.05,0.225,1.0
0,0.5,0.1,0.8,200,7,4163706817,1000,207,793,0,100.025,0.207,1.0
0,0.5,0.1,0.8,200,8,2997770668,1000,202,798,0,100.05,0.202,1.0
0,0.5,0.1,0.8,200,9,3526278133,1000,194,806,0,100.0,0.194,1.0
0,0.5,0.1,0.8,500,0,3351912739,1000,278,722,0,100.0,0.278,1.0
0,0.5,0.1,0.8,500,1,1636670162,1000,264,736,0,100.0,0.264,1.0
0,0.5,0.1,0.8,500,2,3957225983,1000,256,744,0,100.0,0.256,1.0
0,0.5,0.1,0.8,500,3,3908709034,1000,233,767,0,100.0,0.233,1.0
0,0.5,0.1,0.8,500,4,941669377,1000,244,756,0,100.0,0.244,1.0
0,0.5,0.1,0.8,500,5,3586363690,1000,261,739,0,100.1,0.261,1.0
0,0.5,0.1,0.8,500,6,1960938918,1000,251,749,0,100.0,0.251,1.0
0,0.5,0.1,0.8,500,7,3390498400,1000,237,763,0,100.1,0.237,1.0
0,0.5,0.1,0.8,500,8,2822639703,1000,282,718,0,100.1,0.282,1.0
0,0.5,0.1,0.8,500,9,2965929539,1000,281,719,0,100.0,0.281,1.0
0,0.5,0.1,0.8,1000,0,108968509,1000,288,712,0,100.45,0.288,1.0
0,0.5,0.1,0.8,1000,1,3252138436,1000,262,738,0,100.0,0.262,1.0
0,0.5,0.1,0.8,1000,2,354162269,1000,287,713,0,100.0,0.287,1.0
0,0.5,0.1,0.8,1000,3,2487584763,1000,284,716,0,100.0,0.284,1.0
0,0.5,0.1,0.8,1000,4,3342845228,1000,295,705,0,100.0,0.295,1.0
0,0.5,0.1,0.8,1000,5,960930878,1000,277,723,0,100.225,0.277,1.0
0,0.5,0.1,0.8,1000,6,564541652,1000,295,705,0,100.675,0.295,1.0
0,0.5,0.1,0.8,1000,7,2670790448,1000,294,706,0,100.0,0.294,1.0
0,0.5,0.1,0.8,1000,8,1089633081,1000,278,722,0,100.225,0.278,1.0
0,0.5,0.1,0.8,1000,9,3736219935,1000,278,722,0,100.0,0.278,1.0
0,0.5,0.5,0.8,200,0,669090021,1000,788,212,0,100.0,0.788,1.0
0,0.5,0.5,0.8,200,1,3870258904,1000,792,208,0,100.0,0.792,1.0
0,0.5,0.5,0.8,200,2,2033292425,1000,793,207,0,100.0,0.793,1.0
0,0.5,0.5,0.8,200,3,2114144620,1000,795,205,0,100.0,0.795,1.0
0,0.5,0.5,0.8,200,4,2241689048,1000,802,198,0,100.0,0.802,1.0
0,0.5,0.5,0.8,200,5,1556963485,1000,819,181,0,100.0,0.819,1.0
0,0.5,0.5,0.8,200,6,3519062718,1000,784,216,0,100.0,0.784,1.0
0,0.5,0.5,0.8,200,7,4197728859,1000,782,218,0,100.0,0.782,1.0
0,0.5,0.5,0.8,200,8,3743662605,1000,803,197,0,100.0,0.803,1.0
0,0.5,0.5,0.8,200,9,2329994724,1000,782,218,0,100.0,0.782,1.0
0,0.5,0.5,0.8,500,0,372064381,1000,875,125,0,100.0,0.875,1.0
0,0.5,0.5,0.8,500,1,1313336042,1000,863,137,0,100.0,0.863,1.0
0,0.5,0.5,0.8,500,2,1167902271,1000,882,118,0,100.0,0.882,1.0
0,0.5,0.5,0.8,500,3,2672568888,1000,866,134,0,100.0,0.866,1.0
0,0.5,0.5,0.8,500,4,3494646668,1000,882,118,0,100.0,0.882,1.0
0,0.5,0.5,0.8,500,5,3410664386,1000,873,127,0,100.0,0.873,1.0
0,0.5,0.5,0.8,500,6,3743877341,1000,878,122,0,100.0,0.878,1.0
0,0.5,0.5,0.8,500,7,617144931,1000,859,141,0,100.0,0.859,1.0
0,0.5,0.5,0.8,500,8,1978492101,1000,881,119,0,100.0,0.881,1.0
0,0.5,0.5,0.8,500,9,3380413390,1000,877,123,0,100.0,0.877,1.0
0,0.5,0.5,0.8,1000,0,3384404943,1000,887,113,0,100.0,0.887,1.0
0,0.5,0.5,0.8,1000,1,1452719462,1000,906,94,0,100.0,0.906,1.0
0,0.5,0.5,0.8,1000,2,1890592925,1000,902,98,0,100.0,0.902,1.0
0,0.5,0.5,0.8,1000,3,2200146635,1000,918,82,0,100.0,0.918,1.0
0,0.5,0.5,0.8,1000,4,1845942256,1000,890,110,0,100.0,0.89,1.0
0,0.5,0.5,0.8,1000,5,1652593528,1000,892,108,0,100.0,0.892,1.0
0,0.5,0.5,0.8,1000,6,1767915298,1000,899,101,0,100.0,0.899,1.0
0,0.5,0.5,0.8,1000,7,3116654191,1000,886,114,0,100.0,0.886,1.0
0,0.5,0.5,0.8,1000,8,852917186,1000,901,99,0,100.0,0.901,1.0
0,0.5,0.5,0.8,1000,9,3313138222,1000,889,111,0,100.0,0.889,1.0
0,0.5,1.0,0.8,200,0,2423234258,1000,1000,0,0,100.0,1.0,1.0
0,0.5,1.0,0.8,200,1,3310526803,1000,1000,0,0,100.0,1.0,1.0
0,0.5,1.0,0.8,200,2,554206801,1000,1000,0,0,100.0,1.0,1.0
0,0.5,1.0,0.8,200,3,3691095841,1000,1000,0,0,100.0,1.0,1.0
0,0.5,1.0,0.8,200,4,2097806420,1000,1000,0,0,100.0,1.0,1.0
0,0.5,1.0,0.8,200,5,3097918119,1000,1000,0,0,100.0,1.0,1.0
0,0.5,1.0,0.8,200,6,797874980,1000,1000,0,0,100.0,1.0,1.0
0,0.5,1.0,0.8,200,7,1509709237,1000,1000,0,0,100.0,1.0,1.0
0,0.5,1.0,0.8,200,8,1613484204,1000,1000,0,0,100.0,1.0,1.0
0,0.5,1.0,0.8,200,9,1687046167,1000,1000,0,0,100.0,1.0,1.0
0,0.5,1.0,0.8,500,0,2600168731,1000,1000,0,0,100.0,1.0,1.0
0,0.5,1.0,0.8,500,1,1214254672,1000,1000,0,0,100.0,1.0,1.0
0,0.5,1.0,0.8,500,2,1352880002,1000,1000,0,0,100.0,1.0,1.0
0,0.5,1.0,0.8,500,3,1488237862,1000,1000,0,0,100.0,1.0,1.0
0,0.5,1.0,0.8,500,4,146647033,1000,1000,0,0,100.0,1.0,1.0
0,0.5,1.0,0.8,500,5,2421564331,1000,1000,0,0,100.0,1.0,1.0
0,0.5,1.0,0.8,500,6,1810947502,1000,1000,0,0,100.0,1.0,1.0
0,0.5,1.0,0.8,500,7,3833725208,1000,1000,0,0,100.0,1.0,1.0
0,0.5,1.0,0.8,500,8,1649067480,1000,1000,0,0,100.0,1.0,1.0
0,0.5,1.0,0.8,500,9,3116327008,1000,1000,0,0,100.0,1.0,1.0
0,0.5,1.0,0.8,1000,0,2744769054,1000,1000,0,0,100.0,1.0,1.0
0,0.5,1.0,0.8,1000,1,3304506764,1000,1000,0,0,100.0,1.0,1.0
0,0.5,1.0,0.8,1000,2,2297989393,1000,1000,0,0,100.0,1.0,1.0
0,0.5,1.0,0.8,1000,3,3599140278,1000,1000,0,0,100.0,1.0,1.0
0,0.5,1.0,0.8,1000,4,2656947343,1000,1000,0,0,100.0,1.0,1.0
0,0.5,1.0,0.8,1000,5,3168339315,1000,1000,0,0,100.0,1.0,1.0
0,0.5,1.0,0.8,1000,6,2104429640,1000,1000,0,0,100.0,1.0,1.0
0,0.5,1.0,0.8,1000,7,1152839137,1000,1000,0,0,100.0,1.0,1.0
0,0.5,1.0,0.8,1000,8,1215580752,1000,1000,0,0,100.0,1.0,1.0
0,0.5,1.0,0.8,1000,9,3992918527,1000,1000,0,0,100.0,1.0,1.0
1,0.1,0.001,0.8,200,0,4088154078,1,0,1000,999,100.0,0.0,0.001
1,0.1,0.001,0.8,200,1,2952625479,0,0,1000,1000,,0.0,0.0
1,0.1,0.001,0.8,200,2,3530127585,2,0,1000,998,187.5,0.0,0.002
1,0.1,0.001,0.8,200,3,4191712942,3,0,1000,997,158.33333333333334,0.0,0.003
1,0.1,0.001,0.8,200,4,3558928442,1,0,1000,999,175.0,0.0,0.001
1,0.1,0.001,0.8,200,5,1113732691,0,0,1000,1000,,0.0,0.0
1,0.1,0.001,0.8,200,6,210327,2,0,1000,998,125.0,0.0,0.002
1,0.1,0.001,0.8,200,7,1146756653,0,0,1000,1000,,0.0,0.0
1,0.1,0.001,0.8,200,8,3419275982,1,0,1000,999,200.0,0.0,0.001
1,0.1,0.001,0.8,200,9,1495142025,1,0,1000,999,150.0,0.0,0.001
1,0.1,0.001,0.8,500,0,2662885830,18,0,1000,982,405.55555555555554,0.0,0.018
1,0.1,0.001,0.8,500,1,2433554055,16,0,1000,984,456.25,0.0,0.016
1,0.1,0.001,0.8,500,2,64020420,16,0,1000,984,437.5,0.0,0.016
1,0.1,0.001,0.8,500,3,1909718851,12,0,1000,988,458.3333333333333,0.0,0.012
1,0.1,0.001,0.8,500,4,997446899,22,0,1000,978,450.0,0.0,0.022
1,0.1,0.001,0.8,500,5,912375190,20,0,1000,980,405.0,0.0,0.02
1,0.1,0.001,0.8,500,6,4040154926,16,0,1000,984,418.75,0.0,0.016
1,0.1,0.001,0.8,500,7,2341645399,18,0,1000,982,427.77777777777777,0.0,0.018
1,0.1,0.001,0.8,500,8,2196463681,9,0,1000,991,422.22222222222223,0.0,0.009
1,0.1,0.001,0.8,500,9,2502674475,17,0,1000,983,411.7647058823529,0.0,0.017
1,0.1,0.001,0.8,1000,0,3048501029,118,0,1000,882,855.0847457627119,0.0,0.118
1,0.1,0.001,0.8,1000,1,808687098,156,0,1000,844,834.1346153846154,0.0,0.156
1,0.1,0.001,0.8,1000,2,3833896230,140,0,1000,860,855.3571428571429,0.0,0.14
1,0.1,0.001,0.8,1000,3,3190056610,138,0,1000,862,858.1521739130435,0.0,0.138
1,0.1,0.001,0.8,1000,4,2165935711,120,0,1000,880,887.5,0.0,0.12
1,0.1,0.001,0.8,1000,5,755725544,131,0,1000,869,855.7251908396946,0.0,0.131
1,0.1,0.001,0.8,1000,6,335418206,123,0,1000,877,811.5853658536586,0.0,0.123
1,0.1,0.001,0.8,1000,7,777467497,118,0,1000,882,841.7372881355932,0.0,0.118
1,0.1,0.001,0.8,1000,8,3050145866,133,0,1000,867,822.3684210526316,0.0,0.133
1,0.1,0.001,0.8,1000,9,1285543384,139,0,1000,861,834.8920863309353,0.0,0.139
1,0.1,0.005,0.8,200,0,1605879126,7,0,1000,993,153.57142857142858,0.0,0.007
1,0.1,0.005,0.8,200,1,1821289564,9,0,1000,991,150.0,0.0,0.009
1,0.1,0.005,0.8,200,2,1514625793,7,0,1000,993,160.71428571428572,0.0,0.007
1,0.1,0.005,0.8,200,3,3766732145,12,0,1000,988,145.83333333333334,0.0,0.012
1,0.1,0.005,0.8,200,4,2872360880,7,0,1000,993,175.0,0.0,0.007
1,0.1,0.005,0.8,200,5,1682205212,3,0,1000,997,166.66666666666666,0.0,0.003
1,0.1,0.005,0.8,200,6,3692205795,5,0,1000,995,155.0,0.0,0.005
1,0.1,0.005,0.8,200,7,4199132732,4,0,1000,996,143.75,0.0,0.004
1,0.1,0.005,0.8,200,8,2690423581,7,0,1000,993,167.85714285714286,0.0,0.007
1,0.1,0.005,0.8,200,9,2103086617,5,0,1000,995,165.0,0.0,0.005
1,0.1,0.005,0.8,500,0,1169701150,66,0,1000,934,398.4848484848485,0.0,0.066
1,0.1,0.005,0.8,500,1,2554777660,54,0,1000,946,405.55555555555554,0.0,0.054
1,0.1,0.005,0.8,500,2,4253301220,49,1,999,951,393.8775510204082,0.001,0.049
1,0.1,0.005,0.8,500,3,574735032,59,0,1000,941,383.0508474576271,0.0,0.059
1,0.1,0.005,0.8,500,4,3922117094,55,0,1000,945,412.72727272727275,0.0,0.055
1,0.1,0.005,0.8,500,5,4041037546,50,0,1000,950,420.0,0.0,0.05
1,0.1,0.005,0.8,500,6,3381666226,59,0,1000,941,410.1694915254237,0.0,0.059
1,0.1,0.005,0.8,500,7,720127555,53,0,1000,947,396.22641509433964,0.0,0.053
1,0.1,0.005,0.8,500,8,3884035970,59,0,1000,941,393.22033898305085,0.0,0.059
1,0.1,0.005,0.8,500,9,3147574638,48,0,1000,952,422.9166666666667,0.0,0.048
1,0.1,0.005,0.8,1000,0,3940676782,261,0,1000,739,770.6896551724138,0.0,0.261
1,0.1,0.005,0.8,1000,1,3947335469,264,0,1000,736,776.7045454545455,0.0,0.264
1,0.1,0.005,0.8,1000,2,1286632222,275,0,1000,725,785.6363636363636,0.0,0.275
1,0.1,0.005,0.8,1000,3,2560240038,247,1,999,753,775.9109311740891,0.001,0.247
1,0.1,0.005,0.8,1000,4,990623507,285,0,1000,715,773.421052631579,0.0,0.285
1,0.1,0.005,0.8,1000,5,3830995309,252,0,1000,748,771.4285714285714,0.0,0.252
1,0.1,0.005,0.8,1000,6,2682444350,268,0,1000,732,769.1231343283582,0.0,0.268
1,0.1,0.005,0.8,1000,7,414918824,269,1,999,731,781.6914498141264,0.001,0.269
1,0.1,0.005,0.8,1000,8,2285749113,266,0,1000,734,758.9285714285714,0.0,0.266
1,0.1,0.005,0.8,1000,9,3027297065,256,1,999,744,789.0625,0.001,0.256
1,0.1,0.01,0.8,200,0,2107969758,17,0,1000,983,169.11764705882354,0.0,0.017
1,0.1,0.01,0.8,200,1,883323851,11,1,999,989,150.0,0.001,0.011
1,0.1,0.01,0.8,200,2,2964077443,14,0,1000,986,155.35714285714286,0.0,0.014
1,0.1,0.01,0.8,200,3,2902331375,14,0,1000,986,126.78571428571429,0.0,0.014
1,0.1,0.01,0.8,200,4,354969090,19,0,1000,981,135.52631578947367,0.0,0.019
1,0.1,0.01,0.8,200,5,3603506065,13,0,1000,987,150.0,0.0,0.013
1,0.1,0.01,0.8,200,6,1674614003,21,0,1000,979,160.71428571428572,0.0,0.021
1,0.1,0.01,0.8,200,7,3864921159,11,0,1000,989,175.0,0.0,0.011
1,0.1,0.01,0.8,200,8,1902822900,11,0,1000,989,152.27272727272728,0.0,0.011
1,0.1,0.01,0.8,200,9,40583569,12,0,1000,988,162.5,0.0,0.012
1,0.1,0.01,0.8,500,0,1256051356,99,0,1000,901,403.030303030303,0.0,0.099
1,0.1,0.01,0.8,500,1,2852607530,85,0,1000,915,387.05882352941177,0.0,0.085
1,0.1,0.01,0.8,500,2,1837295052,96,1,999,904,368.75,0.001,0.096
1,0.1,0.01,0.8,500,3,4165796260,75,0,1000,925,365.3333333333333,0.0,0.075
1,0.1,0.01,0.8,500,4,2194440417,90,0,1000,910,407.77777777777777,0.0,0.09
1,0.1,0.01,0.8,500,5,266483810,76,1,999,924,368.42105263157896,0.001,0.076
1,0.1,0.01,0.8,500,6,781060660,89,0,1000,911,391.0112359550562,0.0,0.089
1,0.1,0.01,0.8,500,7,150417456,90,0,1000,910,368.8888888888889,0.0,0.09
1,0.1,0.01,0.8,500,8,1797130410,80,0,1000,920,406.25,0.0,0.08
1,0.1,0.01,0.8,500,9,1033304729,108,0,1000,892,409.25925925925924,0.0,0.108
1,0.1,0.01,0.8,1000,0,4011017157,343,1,999,657,739.5772594752186,0.001,0.343
1,0.1,0.01,0.8,1000,1,2068167375,335,1,999,665,725.9701492537314,0.001,0.335
1,0.1,0.01,0.8,1000,2,3113526216,346,1,999,654,729.4797687861271,0.001,0.346
1,0.1,0.01,0.8,1000,3,1876613466,349,0,1000,651,743.4097421203438,0.0,0.349
1,0.1,0.01,0.8,1000,4,2128001294,326,1,999,674,732.2085889570552,0.001,0.326
1,0.1,0.01,0.8,1000,5,1628162081,320,0,1000,680,705.390625,0.0,0.32
1,0.1,0.01,0.8,1000,6,3393715404,326,0,1000,674,730.138036809816,0.0,0.326
1,0.1,0.01,0.8,1000,7,3594394881,345,2,998,655,722.1739130434783,0.002,0.345
1,0.1,0.01,0.8,1000,8,2364903317,325,0,1000,675,709.2307692307693,0.0,0.325
1,0.1,0.01,0.8,1000,9,1495696771,342,0,1000,658,739.4736842105264,0.0,0.342
1,0.1,0.05,0.8,200,0,3150391935,95,8,992,905,146.05263157894737,0.008,0.095
1,0.1,0.05,0.8,200,1,2005434288,90,4,996,910,138.05555555555554,0.004,0.09
1,0.1,0.05,0.8,200,2,2465390363,70,6,994,930,137.5,0.006,0.07
1,0.1,0.05,0.8,200,3,2160814444,85,5,995,915,140.2941176470588,0.005,0.085
1,0.1,0.05,0.8,200,4,393527947,87,7,993,913,142.24137931034483,0.007,0.087
1,0.1,0.05,0.8,200,5,2105367523,77,6,994,923,140.25974025974025,0.006,0.077
1,0.1,0.05,0.8,200,6,840196565,73,10,990,927,139.72602739726028,0.01,0.073
1,0.1,0.05,0.8,200,7,2024599233,74,4,996,926,140.2027027027027,0.004,0.074
1,0.1,0.05,0.8,200,8,2128923731,84,4,996,916,130.35714285714286,0.004,0.084
1,0.1,0.05,0.8,200,9,112517787,61,9,991,939,133.19672131147541,0.009,0.061
1,0.1,0.05,0.8,500,0,3129089790,246,8,992,754,319.1056910569106,0.008,0.246
1,0.1,0.05,0.8,500,1,4251487382,259,5,995,741,341.3127413127413,0.005,0.259
1,0.1,0.05,0.8,500,2,3575456354,247,9,991,753,334.81781376518217,0.009,0.247
1,0.1,0.05,0.8,500,3,2551995582,248,4,996,752,325.80645161290323,0.004,0.248
1,0.1,0.05,0.8,500,4,1955127918,245,8,992,755,324.0816326530612,0.008,0.245
1,0.1,0.05,0.8,500,5,1025018306,228,5,995,772,328.94736842105266,0.005,0.228
1,0.1,0.05,0.8,500,6,3440598214,244,7,993,756,327.4590163934426,0.007,0.244
1,0.1,0.05,0.8,500,7,3968020408,250,7,993,750,314.8,0.007,0.25
1,0.1,0.05,0.8,500,8,1225556104,240,9,991,760,317.5,0.009,0.24
1,0.1,0.05,0.8,500,9,3009518579,247,7,993,753,334.0080971659919,0.007,0.247
1,0.1,0.05,0.8,1000,0,2328834231,474,10,990,526,560.9177215189874,0.01,0.474
1,0.1,0.05,0.8,1000,1,1885233541,504,12,988,496,563.3928571428571,0.012,0.504
1,0.1,0.05,0.8,1000,2,2983703711,520,5,995,480,591.9711538461538,0.005,0.52
1,0.1,0.05,0.8,1000,3,618063652,477,11,989,523,559.433962264151,0.011,0.477
1,0.1,0.05,0.8,1000,4,147135749,490,2,998,510,589.4897959183673,0.002,0.49
1,0.1,0.05,0.8,1000,5,2229580798,490,6,994,510,574.3367346938776,0.006,0.49
1,0.1,0.05,0.8,1000,6,3171102866,482,7,993,518,591.0788381742739,0.007,0.482
1,0.1,0.05,0.8,1000,7,1444567176,480,11,989,520,590.78125,0.011,0.48
1,0.1,0.05,0.8,1000,8,289891109,508,11,989,492,590.3051181102362,0.011,0.508
1,0.1,0.05,0.8,1000,9,3941612466,478,6,994,522,590.4811715481171,0.006,0.478
1,0.1,0.1,0.8,200,0,1153893324,141,21,979,859,135.10638297872342,0.021,0.141
1,0.1,0.1,0.8,200,1,386528266,178,23,977,822,132.1629213483146,0.023,0.178
1,0.1,0.1,0.8,200,2,228177411,171,16,984,829,134.64912280701753,0.016,0.171
1,0.1,0.1,0.8,200,3,1236747361,170,18,982,830,136.1764705882353,0.018,0.17
1,0.1,0.1,0.8,200,4,1373026589,153,26,974,847,131.86274509803923,0.026,0.153
1,0.1,0.1,0.8,200,5,1860195032,148,20,980,852,130.23648648648648,0.02,0.148
1,0.1,0.1,0.8,200,6,2132536568,157,17,983,843,135.03184713375796,0.017,0.157
1,0.1,0.1,0.8,200,7,3493038964,137,15,985,863,130.83941605839416,0.015,0.137
1,0.1,0.1,0.8,200,8,3741559157,147,18,982,853,134.69387755102042,0.018,0.147
1,0.1,0.1,0.8,200,9,3008242146,132,17,983,868,137.68939393939394,0.017,0.132
1,0.1,0.1,0.8,500,0,2097370230,348,34,966,652,291.37931034482756,0.034,0.348
1,0.1,0.1,0.8,500,1,2872625693,359,25,975,641,276.32311977715875,0.025,0.359
1,0.1,0.1,0.8,500,2,2175260017,365,24,976,635,290.13698630136986,0.024,0.365
1,0.1,0.1,0.8,500,3,1373223734,390,32,968,610,294.1025641025641,0.032,0.39
1,0.1,0.1,0.8,500,4,942646124,339,28,972,661,285.2507374631268,0.028,0.339
1,0.1,0.1,0.8,500,5,3436259346,354,20,980,646,291.80790960451975,0.02,0.354
1,0.1,0.1,0.8,500,6,1956060493,344,28,972,656,300.2906976744186,0.028,0.344
1,0.1,0.1,0.8,500,7,3965942741,332,32,968,668,289.7590361445783,0.032,0.332
1,0.1,0.1,0.8,500,8,1831670931,361,27,973,639,283.6565096952909,0.027,0.361
1,0.1,0.1,0.8,500,9,3274012766,357,27,973,643,295.23809523809524,0.027,0.357
1,0.1,0.1,0.8,1000,0,2107211795,540,31,969,460,487.9166666666667,0.031,0.54
1,0.1,0.1,0.8,1000,1,3585830766,557,26,974,443,490.21543985637345,0.026,0.557
1,0.1,0.1,0.8,1000,2,2895215605,559,29,971,441,492.4418604651163,0.029,0.559
1,0.1,0.1,0.8,1000,3,1115007811,554,25,975,446,461.05595667870034,0.025,0.554
1,0.1,0.1,0.8,1000,4,434912482,523,30,970,477,488.91013384321224,0.03,0.523
1,0.1,0.1,0.8,1000,5,3539105459,517,21,979,483,499.08123791102514,0.021,0.517
1,0.1,0.1,0.8,1000,6,2981124994,511,21,979,489,481.31115459882585,0.021,0.511
1,0.1,0.1,0.8,1000,7,1124687420,551,31,969,449,465.47186932849365,0.031,0.551
1,0.1,0.1,0.8,1000,8,1324252298,539,23,977,461,486.1317254174397,0.023,0.539
1,0.1,0.1,0.8,1000,9,2987630161,559,19,981,441,484.7942754919499,0.019,0.559
1,0.1,0.5,0.8,200,0,1603080685,657,402,598,343,113.20395738203958,0.402,0.657
1,0.1,0.5,0.8,200,1,276007665,628,398,602,372,116.48089171974522,0.398,0.628
1,0.1,0.5,0.8,200,2,4222163053,655,383,617,345,115.26717557251908,0.383,0.655
1,0.1,0.5,0.8,200,3,2985195000,671,410,590,329,112.70491803278688,0.41,0.671
1,0.1,0.5,0.8,200,4,2704838177,635,400,600,365,114.44881889763779,0.4,0.635
1,0.1,0.5,0.8,200,5,4256094519,630,405,595,370,115.71428571428571,0.405,0.63
1,0.1,0.5,0.8,200,6,2725335323,649,353,647,351,114.06009244992296,0.353,0.649
1,0.1,0.5,0.8,200,7,171489090,596,410,590,404,114.17785234899328,0.41,0.596
1,0.1,0.5,0.8,200,8,2068831502,633,388,612,367,112.59873617693523,0.388,0.633
1,0.1,0.5,0.8,200,9,3233117174,620,393,607,380,113.95161290322581,0.393,0.62
1,0.1,0.5,0.8,500,0,4140502443,698,436,564,302,161.74785100286533,0.436,0.698
1,0.1,0.5,0.8,500,1,696513056,715,409,591,285,156.78321678321677,0.409,0.715
1,0.1,0.5,0.8,500,2,3913226158,711,438,562,289,156.54008438818565,0.438,0.711
1,0.1,0.5,0.8,500,3,1589626523,732,423,577,268,161.20218579234972,0.423,0.732
1,0.1,0.5,0.8,500,4,3773739110,738,421,579,262,153.65853658536585,0.421,0.738
1,0.1,0.5,0.8,500,5,258177046,705,448,552,295,157.3049645390071,0.448,0.705
1,0.1,0.5,0.8,500,6,4255140878,724,428,572,276,154.00552486187846,0.428,0.724
1,0.1,0.5,0.8,500,7,1627047901,737,451,549,263,157.53052917232023,0.451,0.737
1,0.1,0.5,0.8,500,8,1693467079,724,428,572,276,158.0110497237569,0.428,0.724
1,0.1,0.5,0.8,500,9,679947323,716,463,537,284,159.35754189944134,0.463,0.716
1,0.1,0.5,0.8,1000,0,2881806972,750,449,551,250,222.7,0.449,0.75
1,0.1,0.5,0.8,1000,1,842438148,760,457,543,240,209.53947368421052,0.457,0.76
1,0.1,0.5,0.8,1000,2,917966920,759,456,544,241,206.42292490118578,0.456,0.759
1,0.1,0.5,0.8,1000,3,4042497885,743,453,547,257,219.6164199192463,0.453,0.743
1,0.1,0.5,0.8,1000,4,3913910575,748,468,532,252,214.00401069518716,0.468,0.748
1,0.1,0.5,0.8,1000,5,2019231412,758,441,559,242,211.01583113456465,0.441,0.758
1,0.1,0.5,0.8,1000,6,2913998145,764,461,539,236,223.98560209424085,0.461,0.764
1,0.1,0.5,0.8,1000,7,3399600666,732,467,533,268,206.04508196721312,0.467,0.732
1,0.1,0.5,0.8,1000,8,2632805078,747,438,562,253,216.26506024096386,0.438,0.747
1,0.1,0.5,0.8,1000,9,1458027206,735,470,530,265,201.9387755102041,0.47,0.735
1,0.1,1.0,0.8,200,0,1472270631,1000,1000,0,0,100.0,1.0,1.0
1,0.1,1.0,0.8,200,1,3424379889,1000,1000,0,0,100.0,1.0,1.0
1,0.1,1.0,0.8,200,2,3029361587,1000,1000,0,0,100.0,1.0,1.0
1,0.1,1.0,0.8,200,3,406620119,1000,1000,0,0,100.0,1.0,1.0
1,0.1,1.0,0.8,200,4,1859784544,1000,1000,0,0,100.0,1.0,1.0
1,0.1,1.0,0.8,200,5,2943025515,1000,1000,0,0,100.0,1.0,1.0
1,0.1,1.0,0.8,200,6,3287144052,1000,1000,0,0,100.0,1.0,1.0
1,0.1,1.0,0.8,200,7,2751449019,1000,1000,0,0,100.0,1.0,1.0
1,0.1,1.0,0.8,200,8,3729198408,1000,1000,0,0,100.0,1.0,1.0
1,0.1,1.0,0.8,200,9,1781552375,1000,1000,0,0,100.0,1.0,1.0
1,0.1,1.0,0.8,500,0,1661806050,1000,1000,0,0,100.0,1.0,1.0
1,0.1,1.0,0.8,500,1,3644298851,1000,1000,0,0,100.0,1.0,1.0
1,0.1,1.0,0.8,500,2,4192554335,1000,1000,0,0,100.0,1.0,1.0
1,0.1,1.0,0.8,500,3,2630813510,1000,1000,0,0,100.0,1.0,1.0
1,0.1,1.0,0.8,500,4,4231144667,1000,1000,0,0,100.0,1.0,1.0
1,0.1,1.0,0.8,500,5,207679901,1000,1000,0,0,100.0,1.0,1.0
1,0.1,1.0,0.8,500,6,1460373892,1000,1000,0,0,100.0,1.0,1.0
1,0.1,1.0,0.8,500,7,1995039777,1000,1000,0,0,100.0,1.0,1.0
1,0.1,1.0,0.8,500,8,2025611677,1000,1000,0,0,100.0,1.0,1.0
1,0.1,1.0,0.8,500,9,1507455535,1000,1000,0,0,100.0,1.0,1.0
1,0.1,1.0,0.8,1000,0,3150350814,1000,1000,0,0,100.0,1.0,1.0
1,0.1,1.0,0.8,1000,1,2565327560,1000,1000,0,0,100.0,1.0,1.0
1,0.1,1.0,0.8,1000,2,2571085427,1000,1000,0,0,100.0,1.0,1.0
1,0.1,1.0,0.8,1000,3,3351207059,1000,1000,0,0,100.0,1.0,1.0
1,0.1,1.0,0.8,1000,4,3909344660,1000,1000,0,0,100.0,1.0,1.0
1,0.1,1.0,0.8,1000,5,4253279221,1000,1000,0,0,100.0,1.0,1.0
1,0.1,1.0,0.8,1000,6,2568245273,1000,1000,0,0,100.0,1.0,1.0
1,0.1,1.0,0.8,1000,7,1218164533,1000,1000,0,0,100.0,1.0,1.0
1,0.1,1.0,0.8,1000,8,464262198,1000,1000,0,0,100.0,1.0,1.0
1,0.1,1.0,0.8,1000,9,2620671067,1000,1000,0,0,100.0,1.0,1.0
1,0.25,0.001,0.8,200,0,4080354113,223,0,1000,777,156.2780269058296,0.0,0.223
1,0.25,0.001,0.8,200,1,1925988940,206,0,1000,794,154.85436893203882,0.0,0.206
1,0.25,0.001,0.8,200,2,1331637893,238,0,1000,762,155.88235294117646,0.0,0.238
1,0.25,0.001,0.8,200,3,179831113,203,0,1000,797,154.43349753694582,0.0,0.203
1,0.25,0.001,0.8,200,4,2103857431,212,0,1000,788,156.01415094339623,0.0,0.212
1,0.25,0.001,0.8,200,5,135917923,231,0,1000,769,155.08658008658008,0.0,0.231
1,0.25,0.001,0.8,200,6,4055265865,225,0,1000,775,157.11111111111111,0.0,0.225
1,0.25,0.001,0.8,200,7,4109976545,222,0,1000,778,153.3783783783784,0.0,0.222
1,0.25,0.001,0.8,200,8,4265814186,243,0,1000,757,155.0411522633745,0.0,0.243
1,0.25,0.001,0.8,200,9,3853813830,196,0,1000,804,152.55102040816325,0.0,0.196
1,0.25,0.001,0.8,500,0,2532588589,646,0,1000,354,275.6965944272446,0.0,0.646
1,0.25,0.001,0.8,500,1,1841617675,614,0,1000,386,271.3355048859935,0.0,0.614
1,0.25,0.001,0.8,500,2,2062525660,622,0,1000,378,269.935691318328,0.0,0.622
1,0.25,0.001,0.8,500,3,924039553,622,0,1000,378,280.5466237942122,0.0,0.622
1,0.25,0.001,0.8,500,4,3229668358,652,0,1000,348,268.86503067484665,0.0,0.652
1,0.25,0.001,0.8,500,5,2360314724,646,0,1000,354,273.06501547987614,0.0,0.646
1,0.25,0.001,0.8,500,6,2742729250,610,1,999,390,276.0655737704918,0.001,0.61
1,0.25,0.001,0.8,500,7,3283506956,626,0,1000,374,276.517571884984,0.0,0.626
1,0.25,0.001,0.8,500,8,1367441862,621,0,1000,379,268.1159420289855,0.0,0.621
1,0.25,0.001,0.8,500,9,2169562413,624,0,1000,376,275.96153846153845,0.0,0.624
1,0.25,0.001,0.8,1000,0,1096115058,765,0,1000,235,352.6470588235294,0.0,0.765
1,0.25,0.001,0.8,1000,1,3283233728,747,0,1000,253,352.10843373493975,0.0,0.747
1,0.25,0.001,0.8,1000,2,3368849538,759,0,1000,241,350.7905138339921,0.0,0.759
1,0.25,0.001,0.8,1000,3,266943774,782,0,1000,218,350.0319693094629,0.0,0.782
1,0.25,0.001,0.8,1000,4,1968983646,753,0,1000,247,350.6972111553785,0.0,0.753
1,0.25,0.001,0.8,1000,5,1040355495,771,0,1000,229,339.0077821011673,0.0,0.771
1,0.25,0.001,0.8,1000,6,3658109634,770,0,1000,230,348.66883116883116,0.0,0.77
1,0.25,0.001,0.8,1000,7,2144513930,778,0,1000,222,351.89588688946014,0.0,0.778
1,0.25,0.001,0.8,1000,8,231492121,766,0,1000,234,348.4986945169713,0.0,0.766
1,0.25,0.001,0.8,1000,9,3243918337,772,0,1000,228,347.1502590673575,0.0,0.772
1,0.25,0.005,0.8,200,0,3864673114,393,0,1000,607,139.24936386768448,0.0,0.393
1,0.25,0.005,0.8,200,1,318254830,401,0,1000,599,140.1496259351621,0.0,0.401
1,0.25,0.005,0.8,200,2,1119852637,387,0,1000,613,140.11627906976744,0.0,0.387
1,0.25,0.005,0.8,200,3,117343136,377,0,1000,623,142.6392572944297,0.0,0.377
1,0.25,0.005,0.8,200,4,56696929,393,0,1000,607,140.83969465648855,0.0,0.393
1,0.25,0.005,0.8,200,5,3360012718,413,0,1000,587,141.58595641646488,0.0,0.413
1,0.25,0.005,0.8,200,6,1206155905,366,0,1000,634,140.23224043715848,0.0,0.366
1,0.25,0.005,0.8,200,7,2840803592,399,0,1000,601,140.0375939849624,0.0,0.399
1,0.25,0.005,0.8,200,8,2886473337,397,0,1000,603,140.3022670025189,0.0,0.397
1,0.25,0.005,0.8,200,9,1776482845,398,0,1000,602,141.0175879396985,0.0,0.398
1,0.25,0.005,0.8,500,0,1264283172,674,0,1000,326,227.1513353115727,0.0,0.674
1,0.25,0.005,0.8,500,1,677549437,656,0,1000,344,226.98170731707316,0.0,0.656
1,0.25,0.005,0.8,500,2,3907468352,645,0,1000,355,224.96124031007753,0.0,0.645
1,0.25,0.005,0.8,500,3,1471163274,653,1,999,347,226.33996937212865,0.001,0.653
1,0.25,0.005,0.8,500,4,1147799653,654,0,1000,346,218.80733944954127,0.0,0.654
1,0.25,0.005,0.8,500,5,618365001,666,0,1000,334,226.57657657657657,0.0,0.666
1,0.25,0.005,0.8,500,6,315785238,648,0,1000,352,233.9506172839506,0.0,0.648
1,0.25,0.005,0.8,500,7,76984073,642,0,1000,358,223.5202492211838,0.0,0.642
1,0.25,0.005,0.8,500,8,1116605394,654,0,1000,346,226.29969418960243,0.0,0.654
1,0.25,0.005,0.8,500,9,1206931435,664,0,1000,336,222.13855421686748,0.0,0.664
1,0.25,0.005,0.8,1000,0,1291337013,736,0,1000,264,291.3722826086956,0.0,0.736
1,0.25,0.005,0.8,1000,1,2909204111,730,0,1000,270,298.1849315068493,0.0,0.73
1,0.25,0.005,0.8,1000,2,441478855,735,0,1000,265,298.6734693877551,0.0,0.735
1,0.25,0.005,0.8,1000,3,4258455287,705,0,1000,295,293.72340425531917,0.0,0.705
1,0.25,0.005,0.8,1000,4,676247940,739,0,1000,261,296.3802435723951,0.0,0.739
1,0.25,0.005,0.8,1000,5,2750778204,727,0,1000,273,303.95460797799177,0.0,0.727
1,0.25,0.005,0.8,1000,6,3776012171,740,0,1000,260,302.80405405405406,0.0,0.74
1,0.25,0.005,0.8,1000,7,2730619360,753,0,1000,247,294.8207171314741,0.0,0.753
1,0.25,0.005,0.8,1000,8,1321620017,722,0,1000,278,302.2506925207756,0.0,0.722
1,0.25,0.005,0.8,1000,9,2660946399,745,0,1000,255,294.496644295302,0.0,0.745
1,0.25,0.01,0.8,200,0,3475135452,473,0,1000,527,133.13953488372093,0.0,0.473
1,0.25,0.01,0.8,200,1,2894398136,505,1,999,495,130.59405940594058,0.001,0.505
1,0.25,0.01,0.8,200,2,3002802591,480,1,999,520,133.22916666666666,0.001,0.48
1,0.25,0.01,0.8,200,3,1555701692,471,0,1000,529,134.447983014862,0.0,0.471
1,0.25,0.01,0.8,200,4,1795341092,478,1,999,522,132.7928870292887,0.001,0.478
1,0.25,0.01,0.8,200,5,1727240172,480,0,1000,520,135.98958333333334,0.0,0.48
1,0.25,0.01,0.8,200,6,2844011128,474,0,1000,526,131.38185654008439,0.0,0.474
1,0.25,0.01,0.8,200,7,1418972806,443,0,1000,557,131.2076749435666,0.0,0.443
1,0.25,0.01,0.8,200,8,3033933221,465,1,999,535,131.55913978494624,0.001,0.465
1,0.25,0.01,0.8,200,9,1142240339,476,0,1000,524,132.40546218487395,0.0,0.476
1,0.25,0.01,0.8,500,0,300387580,698,0,1000,302,199.4269340974212,0.0,0.698
1,0.25,0.01,0.8,500,1,3181235539,714,0,1000,286,199.71988795518206,0.0,0.714
1,0.25,0.01,0.8,500,2,3393633469,674,1,999,326,201.9287833827893,0.001,0.674
1,0.25,0.01,0.8,500,3,3523569892,653,0,1000,347,197.85604900459418,0.0,0.653
1,0.25,0.01,0.8,500,4,3410901787,682,1,999,318,199.8533724340176,0.001,0.682
1,0.25,0.01,0.8,500,5,4148483000,667,0,1000,333,197.90104947526237,0.0,0.667
1,0.25,0.01,0.8,500,6,2927096319,682,1,999,318,201.31964809384164,0.001,0.682
1,0.25,0.01,0.8,500,7,2289947671,666,0,1000,334,201.2012012012012,0.0,0.666
1,0.25,0.01,0.8,500,8,2105822409,700,0,1000,300,197.14285714285714,0.0,0.7
1,0.25,0.01,0.8,500,9,3531960988,686,0,1000,314,199.12536443148687,0.0,0.686
1,0.25,0.01,0.8,1000,0,1671792151,742,1,999,258,272.23719676549865,0.001,0.742
1,0.25,0.01,0.8,1000,1,1045131102,724,0,1000,276,271.23618784530385,0.0,0.724
1,0.25,0.01,0.8,1000,2,2053579374,732,1,999,268,265.3688524590164,0.001,0.732
1,0.25,0.01,0.8,1000,3,1458692037,731,0,1000,269,275.13679890560877,0.0,0.731
1,0.25,0.01,0.8,1000,4,1652673813,728,1,999,272,264.73214285714283,0.001,0.728
1,0.25,0.01,0.8,1000,5,4290609815,706,0,1000,294,270.5028328611898,0.0,0.706
1,0.25,0.01,0.8,1000,6,1661293463,707,0,1000,293,272.4893917963225,0.0,0.707
1,0.25,0.01,0.8,1000,7,1982083478,745,1,999,255,263.38926174496646,0.001,0.745
1,0.25,0.01,0.8,1000,8,2391113057,746,0,1000,254,272.8217158176944,0.0,0.746
1,0.25,0.01,0.8,1000,9,713602397,727,1,999,273,270.5295735900963,0.001,0.727
1,0.25,0.05,0.8,200,0,3278541789,678,3,997,322,116.44542772861357,0.003,0.678
1,0.25,0.05,0.8,200,1,2575147229,715,4,996,285,115.8041958041958,0.004,0.715
1,0.25,0.05,0.8,200,2,1273067676,679,5,995,321,117.48895434462445,0.005,0.679
1,0.25,0.05,0.8,200,3,1139250213,709,4,996,291,116.25528913963329,0.004,0.709
1,0.25,0.05,0.8,200,4,745532233,696,3,997,304,116.70258620689656,0.003,0.696
1,0.25,0.05,0.8,200,5,490773826,679,4,996,321,114.2120765832106,0.004,0.679
1,0.25,0.05,0.8,200,6,809990023,718,9,991,282,116.29526462395543,0.009,0.718
1,0.25,0.05,0.8,200,7,37638741,712,5,995,288,116.15168539325843,0.005,0.712
1,0.25,0.05,0.8,200,8,750077048,709,4,996,291,114.21015514809591,0.004,0.709
1,0.25,0.05,0.8,200,9,660107787,715,5,995,285,116.67832167832168,0.005,0.715
1,0.25,0.05,0.8,500,0,325822178,765,6,994,235,148.88888888888889,0.006,0.765
1,0.25,0.05,0.8,500,1,603537207,770,9,991,230,145.32467532467533,0.009,0.77
1,0.25,0.05,0.8,500,2,1685373685,792,11,989,208,143.81313131313132,0.011,0.792
1,0.25,0.05,0.8,500,3,403926937,771,3,997,229,143.57976653696497,0.003,0.771
1,0.25,0.05,0.8,500,4,710970635,773,5,995,227,145.01940491591202,0.005,0.773
1,0.25,0.05,0.8,500,5,2347279268,781,6,994,219,141.86939820742637,0.006,0.781
1,0.25,0.05,0.8,500,6,112844352,772,10,990,228,143.52331606217618,0.01,0.772
1,0.25,0.05,0.8,500,7,3785284108,759,10,990,241,145.8498023715415,0.01,0.759
1,0.25,0.05,0.8,500,8,727332786,771,4,996,229,144.09857328145267,0.004,0.771
1,0.25,0.05,0.8,500,9,659042205,761,8,992,239,144.2838370565046,0.008,0.761
1,0.25,0.05,0.8,1000,0,3727923064,795,7,993,205,186.03773584905662,0.007,0.795
1,0.25,0.05,0.8,1000,1,2164535193,782,8,992,218,188.3312020460358,0.008,0.782
1,0.25,0.05,0.8,1000,2,2932236331,772,9,991,228,188.60103626943004,0.009,0.772
1,0.25,0.05,0.8,1000,3,65195974,767,9,991,233,183.89830508474577,0.009,0.767
1,0.25,0.05,0.8,1000,4,184213033,784,9,991,216,192.1237244897959,0.009,0.784
1,0.25,0.05,0.8,1000,5,2118220802,783,8,992,217,181.0344827586207,0.008,0.783
1,0.25,0.05,0.8,1000,6,3733706456,766,7,993,234,189.88250652741513,0.007,0.766
1,0.25,0.05,0.8,1000,7,2049388975,780,10,990,220,188.84615384615384,0.01,0.78
1,0.25,0.05,0.8,1000,8,182178567,799,4,996,201,188.14142678347935,0.004,0.799
1,0.25,0.05,0.8,1000,9,1331723639,782,9,991,218,189.19437340153453,0.009,0.782
1,0.25,0.1,0.8,200,0,472935228,785,14,986,215,110.63694267515923,0.014,0.785
1,0.25,0.1,0.8,200,1,2830638991,823,23,977,177,109.53827460510328,0.023,0.823
1,0.25,0.1,0.8,200,2,270188888,798,20,980,202,108.95989974937343,0.02,0.798
1,0.25,0.1,0.8,200,3,2226133371,816,27,973,184,109.49754901960785,0.027,0.816
1,0.25,0.1,0.8,200,4,4003463518,790,21,979,210,109.87341772151899,0.021,0.79
1,0.25,0.1,0.8,200,5,4036271710,782,14,986,218,109.75063938618926,0.014,0.782
1,0.25,0.1,0.8,200,6,910646927,817,27,973,183,109.4859241126071,0.027,0.817
1,0.25,0.1,0.8,200,7,2214392007,811,19,981,189,110.29593094944514,0.019,0.811
1,0.25,0.1,0.8,200,8,2644935018,795,19,981,205,109.40251572327044,0.019,0.795
1,0.25,0.1,0.8,200,9,3020427371,792,18,982,208,109.5959595959596,0.018,0.792
1,0.25,0.1,0.8,500,0,3781717712,827,31,969,173,128.53688029020557,0.031,0.827
1,0.25,0.1,0.8,500,1,1279691874,833,23,977,167,127.37094837935174,0.023,0.833
1,0.25,0.1,0.8,500,2,519312528,817,23,977,183,127.4173806609547,0.023,0.817
1,0.25,0.1,0.8,500,3,2776290969,836,28,972,164,128.34928229665073,0.028,0.836
1,0.25,0.1,0.8,500,4,608281614,814,31,969,186,123.58722358722359,0.031,0.814
1,0.25,0.1,0.8,500,5,326833868,830,30,970,170,126.62650602409639,0.03,0.83
1,0.25,0.1,0.8,500,6,1498526433,824,30,970,176,127.66990291262135,0.03,0.824
1,0.25,0.1,0.8,500,7,2207124312,838,30,970,162,127.68496420047732,0.03,0.838
1,0.25,0.1,0.8,500,8,360867583,837,24,976,163,128.91278375149344,0.024,0.837
1,0.25,0.1,0.8,500,9,973980384,810,25,975,190,128.14814814814815,0.025,0.81
1,0.25,0.1,0.8,1000,0,4233351907,830,29,971,170,148.79518072289156,0.029,0.83
1,0.25,0.1,0.8,1000,1,1152117665,837,31,969,163,152.68817204301075,0.031,0.837
1,0.25,0.1,0.8,1000,2,2708961817,861,26,974,139,150.69686411149826,0.026,0.861
1,0.25,0.1,0.8,1000,3,921034715,833,28,972,167,151.05042016806723,0.028,0.833
1,0.25,0.1,0.8,1000,4,1544547534,837,32,968,163,153.2258064516129,0.032,0.837
1,0.25,0.1,0.8,1000,5,1649885716,833,29,971,167,154.56182472989195,0.029,0.833
1,0.25,0.1,0.8,1000,6,3911882471,837,27,973,163,150.0,0.027,0.837
1,0.25,0.1,0.8,1000,7,220229933,839,25,975,161,155.24433849821216,0.025,0.839
1,0.25,0.1,0.8,1000,8,2571650667,865,30,970,135,147.34104046242774,0.03,0.865
1,0.25,0.1,0.8,1000,9,1891406319,837,23,977,163,153.2258064516129,0.023,0.837
1,0.25,0.5,0.8,200,0,1958521603,960,388,612,40,101.171875,0.388,0.96
1,0.25,0.5,0.8,200,1,1780743835,968,402,598,32,100.87809917355372,0.402,0.968
1,0.25,0.5,0.8,200,2,699257168,967,392,608,33,101.08583247156153,0.392,0.967
1,0.25,0.5,0.8,200,3,2204947134,970,378,622,30,101.05670103092784,0.378,0.97
1,0.25,0.5,0.8,200,4,2345447395,962,409,591,38,101.14345114345114,0.409,0.962
1,0.25,0.5,0.8,200,5,4169649195,969,433,567,31,101.2641898864809,0.433,0.969
1,0.25,0.5,0.8,200,6,1161298221,969,406,594,31,101.0061919504644,0.406,0.969
1,0.25,0.5,0.8,200,7,711110057,962,407,593,38,101.42931392931393,0.407,0.962
1,0.25,0.5,0.8,200,8,1070649224,975,393,607,25,101.15384615384616,0.393,0.975
1,0.25,0.5,0.8,200,9,2586663140,958,396,604,42,101.53966597077245,0.396,0.958
1,0.25,0.5,0.8,500,0,3725688158,963,433,567,37,104.46521287642783,0.433,0.963
1,0.25,0.5,0.8,500,1,1525195058,955,442,558,45,104.29319371727749,0.442,0.955
1,0.25,0.5,0.8,500,2,1053986850,967,446,554,33,103.1023784901758,0.446,0.967
1,0.25,0.5,0.8,500,3,3019952151,955,445,555,45,103.24607329842932,0.445,0.955
1,0.25,0.5,0.8,500,4,3945696679,972,419,581,28,104.01234567901234,0.419,0.972
1,0.25,0.5,0.8,500,5,2953906598,954,440,560,46,103.66876310272536,0.44,0.954
1,0.25,0.5,0.8,500,6,442668820,975,434,566,25,102.76923076923077,0.434,0.975
1,0.25,0.5,0.8,500,7,3539482717,973,454,546,27,104.31654676258992,0.454,0.973
1,0.25,0.5,0.8,500,8,380394579,964,430,570,36,102.9045643153527,0.43,0.964
1,0.25,0.5,0.8,500,9,3642482028,961,444,556,39,103.95421436004162,0.444,0.961
1,0.25,0.5,0.8,1000,0,1342454434,965,446,554,35,109.79274611398964,0.446,0.965
1,0.25,0.5,0.8,1000,1,4216673487,976,464,536,24,106.68545081967213,0.464,0.976
1,0.25,0.5,0.8,1000,2,630184121,963,446,554,37,106.54205607476635,0.446,0.963
1,0.25,0.5,0.8,1000,3,1010285271,964,419,581,36,108.40248962655602,0.419,0.964
1,0.25,0.5,0.8,1000,4,2483728536,964,463,537,36,106.30186721991701,0.463,0.964
1,0.25,0.5,0.8,1000,5,528377463,975,458,542,25,106.6923076923077,0.458,0.975
1,0.25,0.5,0.8,1000,6,1371274034,973,445,555,27,109.94347379239466,0.445,0.973
1,0.25,0.5,0.8,1000,7,3109161459,976,459,541,24,108.99077868852459,0.459,0.976
1,0.25,0.5,0.8,1000,8,2217686688,962,424,576,38,109.35550935550935,0.424,0.962
1,0.25,0.5,0.8,1000,9,1853756760,951,436,564,49,105.91482649842271,0.436,0.951
1,0.25,1.0,0.8,200,0,3958888885,1000,1000,0,0,100.0,1.0,1.0
1,0.25,1.0,0.8,200,1,4022416130,1000,1000,0,0,100.0,1.0,1.0
1,0.25,1.0,0.8,200,2,1759633778,1000,1000,0,0,100.0,1.0,1.0
1,0.25,1.0,0.8,200,3,1489234177,1000,1000,0,0,100.0,1.0,1.0
1,0.25,1.0,0.8,200,4,407843116,1000,1000,0,0,100.0,1.0,1.0
1,0.25,1.0,0.8,200,5,1935016340,1000,1000,0,0,100.0,1.0,1.0
1,0.25,1.0,0.8,200,6,3123527973,1000,1000,0,0,100.0,1.0,1.0
1,0.25,1.0,0.8,200,7,1780580023,1000,1000,0,0,100.0,1.0,1.0
1,0.25,1.0,0.8,200,8,2931106983,1000,1000,0,0,100.0,1.0,1.0
1,0.25,1.0,0.8,200,9,2965885536,1000,1000,0,0,100.0,1.0,1.0
1,0.25,1.0,0.8,500,0,3505007723,1000,1000,0,0,100.0,1.0,1.0
1,0.25,1.0,0.8,500,1,3377206700,1000,1000,0,0,100.0,1.0,1.0
1,0.25,1.0,0.8,500,2,699630790,1000,1000,0,0,100.0,1.0,1.0
1,0.25,1.0,0.8,500,3,2527792689,1000,1000,0,0,100.0,1.0,1.0
1,0.25,1.0,0.8,500,4,3539143742,1000,1000,0,0,100.0,1.0,1.0
1,0.25,1.0,0.8,500,5,1904263795,1000,1000,0,0,100.0,1.0,1.0
1,0.25,1.0,0.8,500,6,617751630,1000,1000,0,0,100.0,1.0,1.0
1,0.25,1.0,0.8,500,7,508193573,1000,1000,0,0,100.0,1.0,1.0
1,0.25,1.0,0.8,500,8,1658235310,1000,1000,0,0,100.0,1.0,1.0
1,0.25,1.0,0.8,500,9,2271769962,1000,1000,0,0,100.0,1.0,1.0
1,0.25,1.0,0.8,1000,0,2889429829,1000,1000,0,0,100.0,1.0,1.0
1,0.25,1.0,0.8,1000,1,3377029269,1000,1000,0,0,100.0,1.0,1.0
1,0.25,1.0,0.8,1000,2,3893165350,1000,1000,0,0,100.0,1.0,1.0
1,0.25,1.0,0.8,1000,3,1624502473,1000,1000,0,0,100.0,1.0,1.0
1,0.25,1.0,0.8,1000,4,4240983007,1000,1000,0,0,100.0,1.0,1.0
1,0.25,1.0,0.8,1000,5,2667282601,1000,1000,0,0,100.0,1.0,1.0
1,0.25,1.0,0.8,1000,6,886028547,1000,1000,0,0,100.0,1.0,1.0
1,0.25,1.0,0.8,1000,7,3869444545,1000,1000,0,0,100.0,1.0,1.0
1,0.25,1.0,0.8,1000,8,1268561557,1000,1000,0,0,100.0,1.0,1.0
1,0.25,1.0,0.8,1000,9,282968158,1000,1000,0,0,100.0,1.0,1.0
1,0.5,0.001,0.8,200,0,2782966016,944,0,1000,56,101.69491525423729,0.0,0.944
1,0.5,0.001,0.8,200,1,2513641344,936,0,1000,64,102.37713675213675,0.0,0.936
1,0.5,0.001,0.8,200,2,3920782295,949,0,1000,51,101.52792413066386,0.0,0.949
1,0.5,0.001,0.8,200,3,1152447695,948,0,1000,52,102.0042194092827,0.0,0.948
1,0.5,0.001,0.8,200,4,1637513581,948,0,1000,52,102.21518987341773,0.0,0.948
1,0.5,0.001,0.8,200,5,2605087770,942,0,1000,58,102.14968152866243,0.0,0.942
1,0.5,0.001,0.8,200,6,2736952446,949,0,1000,51,101.89673340358272,0.0,0.949
1,0.5,0.001,0.8,200,7,3351171972,939,0,1000,61,101.89030883919062,0.0,0.939
1,0.5,0.001,0.8,200,8,3933807404,938,0,1000,62,101.73240938166312,0.0,0.938
1,0.5,0.001,0.8,200,9,2344292947,945,0,1000,55,101.66666666666667,0.0,0.945
1,0.5,0.001,0.8,500,0,2829605876,944,0,1000,56,106.46186440677967,0.0,0.944
1,0.5,0.001,0.8,500,1,4152519865,954,0,1000,46,107.12788259958072,0.0,0.954
1,0.5,0.001,0.8,500,2,4176478000,957,0,1000,43,105.43364681295716,0.0,0.957
1,0.5,0.001,0.8,500,3,1116705367,949,0,1000,51,105.3740779768177,0.0,0.949
1,0.5,0.001,0.8,500,4,566136233,939,0,1000,61,106.8157614483493,0.0,0.939
1,0.5,0.001,0.8,500,5,1204420558,955,0,1000,45,105.6544502617801,0.0,0.955
1,0.5,0.001,0.8,500,6,2776744344,939,0,1000,61,105.75079872204473,0.0,0.939
1,0.5,0.001,0.8,500,7,243474267,946,0,1000,54,106.02536997885835,0.0,0.946
1,0.5,0.001,0.8,500,8,1276587955,942,0,1000,58,106.26326963906581,0.0,0.942
1,0.5,0.001,0.8,500,9,2355581791,936,0,1000,64,106.30341880341881,0.0,0.936
1,0.5,0.001,0.8,1000,0,2766003137,942,0,1000,58,112.42038216560509,0.0,0.942
1,0.5,0.001,0.8,1000,1,3019109541,941,0,1000,59,114.34643995749202,0.0,0.941
1,0.5,0.001,0.8,1000,2,1337943222,942,0,1000,58,116.95859872611464,0.0,0.942
1,0.5,0.001,0.8,1000,3,2511285974,945,0,1000,55,116.42857142857143,0.0,0.945
1,0.5,0.001,0.8,1000,4,4121870707,954,0,1000,46,113.67924528301887,0.0,0.954
1,0.5,0.001,0.8,1000,5,4177563182,939,0,1000,61,112.22044728434504,0.0,0.939
1,0.5,0.001,0.8,1000,6,3793496076,933,0,1000,67,113.50482315112541,0.0,0.933
1,0.5,0.001,0.8,1000,7,2080842734,948,0,1000,52,112.57911392405063,0.0,0.948
1,0.5,0.001,0.8,1000,8,1244934843,961,0,1000,39,112.40894901144641,0.0,0.961
1,0.5,0.001,0.8,1000,9,1109555538,952,0,1000,48,113.70798319327731,0.0,0.952
1,0.5,0.005,0.8,200,0,654411856,979,1,999,21,100.66394279877426,0.001,0.979
1,0.5,0.005,0.8,200,1,1645899510,976,0,1000,24,100.58913934426229,0.0,0.976
1,0.5,0.005,0.8,200,2,4235283419,982,0,1000,18,100.5346232179226,0.0,0.982
1,0.5,0.005,0.8,200,3,2166842146,980,0,1000,20,100.38265306122449,0.0,0.98
1,0.5,0.005,0.8,200,4,3222226385,984,0,1000,16,100.60975609756098,0.0,0.984
1,0.5,0.005,0.8,200,5,2224269250,988,0,1000,12,100.60728744939271,0.0,0.988
1,0.5,0.005,0.8,200,6,1473284306,983,0,1000,17,100.96642929806714,0.0,0.983
1,0.5,0.005,0.8,200,7,1980227963,971,0,1000,29,100.61791967044284,0.0,0.971
1,0.5,0.005,0.8,200,8,1773774851,986,0,1000,14,100.4817444219067,0.0,0.986
1,0.5,0.005,0.8,200,9,3168949551,985,0,1000,15,100.50761421319797,0.0,0.985
1,0.5,0.005,0.8,500,0,3027256985,983,1,999,17,101.93285859613428,0.001,0.983
1,0.5,0.005,0.8,500,1,2539899379,983,0,1000,17,102.33977619532045,0.0,0.983
1,0.5,0.005,0.8,500,2,3885596673,982,0,1000,18,102.0366598778004,0.0,0.982
1,0.5,0.005,0.8,500,3,422852867,983,0,1000,17,101.93285859613428,0.0,0.983
1,0.5,0.005,0.8,500,4,3184200149,982,0,1000,18,102.54582484725051,0.0,0.982
1,0.5,0.005,0.8,500,5,3616340394,983,0,1000,17,101.01729399796541,0.0,0.983
1,0.5,0.005,0.8,500,6,1399475289,981,0,1000,19,101.63098878695209,0.0,0.981
1,0.5,0.005,0.8,500,7,3816973053,980,0,1000,20,102.04081632653062,0.0,0.98
1,0.5,0.005,0.8,500,8,310753199,981,0,1000,19,101.63098878695209,0.0,0.981
1,0.5,0.005,0.8,500,9,4174718344,979,1,999,21,101.94075587334014,0.001,0.979
1,0.5,0.005,0.8,1000,0,843652059,984,0,1000,16,104.34451219512195,0.0,0.984
1,0.5,0.005,0.8,1000,1,435347153,980,0,1000,20,105.28061224489795,0.0,0.98
1,0.5,0.005,0.8,1000,2,1644123535,984,0,1000,16,104.34451219512195,0.0,0.984
1,0.5,0.005,0.8,1000,3,2541596354,978,0,1000,22,104.37116564417178,0.0,0.978
1,0.5,0.005,0.8,1000,4,3296029573,977,0,1000,23,103.6847492323439,0.0,0.977
1,0.5,0.005,0.8,1000,5,3778318408,984,0,1000,16,105.03048780487805,0.0,0.984
1,0.5,0.005,0.8,1000,6,2759634887,982,0,1000,18,106.18635437881873,0.0,0.982
1,0.5,0.005,0.8,1000,7,1298051278,983,0,1000,17,106.63784333672432,0.0,0.983
1,0.5,0.005,0.8,1000,8,1898538629,979,0,1000,21,102.98774259448416,0.0,0.979
1,0.5,0.005,0.8,1000,9,2924247138,977,0,1000,23,103.45445240532241,0.0,0.977
1,0.5,0.01,0.8,200,0,454789696,991,1,999,9,100.25227043390515,0.001,0.991
1,0.5,0.01,0.8,200,1,512934410,994,0,1000,6,100.22635814889335,0.0,0.994
1,0.5,0.01,0.8,200,2,3297119291,989,1,999,11,100.15166835187058,0.001,0.989
1,0.5,0.01,0.8,200,3,864315786,991,1,999,9,100.22704339051464,0.001,0.991
1,0.5,0.01,0.8,200,4,1653217351,988,1,999,12,100.22773279352226,0.001,0.988
1,0.5,0.01,0.8,200,5,3765719607,989,0,1000,11,100.27805864509605,0.0,0.989
1,0.5,0.01,0.8,200,6,3659476808,985,0,1000,15,100.45685279187818,0.0,0.985
1,0.5,0.01,0.8,200,7,1738515346,992,0,1000,8,100.25201612903226,0.0,0.992
1,0.5,0.01,0.8,200,8,3982719793,990,2,998,10,100.17676767676768,0.002,0.99
1,0.5,0.01,0.8,200,9,4235902239,988,0,1000,12,100.17712550607287,0.0,0.988
1,0.5,0.01,0.8,500,0,2365455817,988,0,1000,12,101.01214574898785,0.0,0.988
1,0.5,0.01,0.8,500,1,1508899603,988,1,999,12,101.417004048583,0.001,0.988
1,0.5,0.01,0.8,500,2,3339074736,991,1,999,9,101.10998990918264,0.001,0.991
1,0.5,0.01,0.8,500,3,185429200,988,0,1000,12,101.11336032388664,0.0,0.988
1,0.5,0.01,0.8,500,4,3028494404,991,0,1000,9,101.31180625630677,0.0,0.991
1,0.5,0.01,0.8,500,5,252238491,994,0,1000,6,100.40241448692153,0.0,0.994
1,0.5,0.01,0.8,500,6,2434037375,993,1,999,7,100.60422960725076,0.001,0.993
1,0.5,0.01,0.8,500,7,2722393336,989,0,1000,11,100.6066734074823,0.0,0.989
1,0.5,0.01,0.8,500,8,2863059050,988,0,1000,12,100.91093117408907,0.0,0.988
1,0.5,0.01,0.8,500,9,475042831,990,1,999,10,100.3030303030303,0.001,0.99
1,0.5,0.01,0.8,1000,0,1223215219,994,0,1000,6,101.58450704225352,0.0,0.994
1,0.5,0.01,0.8,1000,1,408990096,990,1,999,10,102.5,0.001,0.99
1,0.5,0.01,0.8,1000,2,2144647982,988,0,1000,12,101.13866396761134,0.0,0.988
1,0.5,0.01,0.8,1000,3,884696104,985,0,1000,15,101.37055837563452,0.0,0.985
1,0.5,0.01,0.8,1000,4,195978077,988,0,1000,12,102.96052631578948,0.0,0.988
1,0.5,0.01,0.8,1000,5,3489039023,991,0,1000,9,103.85973763874874,0.0,0.991
1,0.5,0.01,0.8,1000,6,269169166,995,0,1000,5,101.13065326633166,0.0,0.995
1,0.5,0.01,0.8,1000,7,1916846278,983,0,1000,17,101.60223804679552,0.0,0.983
1,0.5,0.01,0.8,1000,8,831814455,992,1,999,8,102.26814516129032,0.001,0.992
1,0.5,0.01,0.8,1000,9,4220827976,995,1,999,5,101.13065326633166,0.001,0.995
1,0.5,0.05,0.8,200,0,2763210932,999,5,995,1,100.07507507507508,0.005,0.999
1,0.5,0.05,0.8,200,1,991673756,1000,2,998,0,100.075,0.002,1.0
1,0.5,0.05,0.8,200,2,505646097,998,4,996,2,100.0250501002004,0.004,0.998
1,0.5,0.05,0.8,200,3,341269923,998,5,995,2,100.0,0.005,0.998
1,0.5,0.05,0.8,200,4,12208319,999,6,994,1,100.05005005005005,0.006,0.999
1,0.5,0.05,0.8,200,5,29170001,1000,3,997,0,100.025,0.003,1.0
1,0.5,0.05,0.8,200,6,704432569,999,9,991,1,100.02502502502503,0.009,0.999
1,0.5,0.05,0.8,200,7,2428226822,1000,6,994,0,100.0,0.006,1.0
1,0.5,0.05,0.8,200,8,3848943137,999,5,995,1,100.02502502502503,0.005,0.999
1,0.5,0.05,0.8,200,9,3830625171,998,9,991,2,100.07515030060121,0.009,0.998
1,0.5,0.05,0.8,500,0,3896408765,997,13,987,3,100.10030090270813,0.013,0.997
1,0.5,0.05,0.8,500,1,333419707,1000,4,996,0,100.1,0.004,1.0
1,0.5,0.05,0.8,500,2,1054652881,999,8,992,1,100.10010010010011,0.008,0.999
1,0.5,0.05,0.8,500,3,1206451356,998,6,994,2,100.3006012024048,0.006,0.998
1,0.5,0.05,0.8,500,4,2480343309,997,11,989,3,100.0,0.011,0.997
1,0.5,0.05,0.8,500,5,1184112257,999,7,993,1,100.30030030030031,0.007,0.999
1,0.5,0.05,0.8,500,6,1910298173,998,4,996,2,100.1002004008016,0.004,0.998
1,0.5,0.05,0.8,500,7,1845068103,1000,6,994,0,100.1,0.006,1.0
1,0.5,0.05,0.8,500,8,2455722942,999,13,987,1,100.10010010010011,0.013,0.999
1,0.5,0.05,0.8,500,9,3049976414,999,9,991,1,100.2002002002002,0.009,0.999
1,0.5,0.05,0.8,1000,0,2784463901,998,9,991,2,100.22545090180361,0.009,0.998
1,0.5,0.05,0.8,1000,1,518222634,998,6,994,2,100.22545090180361,0.006,0.998
1,0.5,0.05,0.8,1000,2,176462025,999,11,989,1,100.0,0.011,0.999
1,0.5,0.05,0.8,1000,3,3937118782,998,10,990,2,100.22545090180361,0.01,0.998
1,0.5,0.05,0.8,1000,4,1971104248,995,9,991,5,100.22613065326634,0.009,0.995
1,0.5,0.05,0.8,1000,5,4216416498,999,7,993,1,100.0,0.007,0.999
1,0.5,0.05,0.8,1000,6,3894959967,997,7,993,3,100.90270812437312,0.007,0.997
1,0.5,0.05,0.8,1000,7,1896880352,999,6,994,1,100.22522522522523,0.006,0.999
1,0.5,0.05,0.8,1000,8,2790910681,998,8,992,2,100.90180360721443,0.008,0.998
1,0.5,0.05,0.8,1000,9,2614760466,1000,9,991,0,100.675,0.009,1.0
1,0.5,0.1,0.8,200,0,3974260617,1000,16,984,0,100.0,0.016,1.0
1,0.5,0.1,0.8,200,1,4032902529,998,24,976,2,100.0,0.024,0.998
1,0.5,0.1,0.8,200,2,931611593,997,9,991,3,100.02507522567703,0.009,0.997
1,0.5,0.1,0.8,200,3,3580306390,1000,19,981,0,100.05,0.019,1.0
1,0.5,0.1,0.8,200,4,3327925988,1000,25,975,0,100.0,0.025,1.0
1,0.5,0.1,0.8,200,5,2260379655,999,24,976,1,100.05005005005005,0.024,0.999
1,0.5,0.1,0.8,200,6,361238119,1000,16,984,0,100.0,0.016,1.0
1,0.5,0.1,0.8,200,7,2005668122,1000,23,977,0,100.025,0.023,1.0
1,0.5,0.1,0.8,200,8,1117129881,1000,20,980,0,100.0,0.02,1.0
1,0.5,0.1,0.8,200,9,1440985901,1000,15,985,0,100.0,0.015,1.0
1,0.5,0.1,0.8,500,0,795916240,1000,24,976,0,100.1,0.024,1.0
1,0.5,0.1,0.8,500,1,603719693,999,22,978,1,100.0,0.022,0.999
1,0.5,0.1,0.8,500,2,774471008,1000,18,982,0,100.0,0.018,1.0
1,0.5,0.1,0.8,500,3,234422812,1000,19,981,0,100.0,0.019,1.0
1,0.5,0.1,0.8,500,4,1105159808,999,25,975,1,100.0,0.025,0.999
1,0.5,0.1,0.8,500,5,571577400,1000,29,971,0,100.0,0.029,1.0
1,0.5,0.1,0.8,500,6,118654622,999,16,984,1,100.10010010010011,0.016,0.999
1,0.5,0.1,0.8,500,7,3162481054,999,26,974,1,100.10010010010011,0.026,0.999
1,0.5,0.1,0.8,500,8,1568119618,1000,25,975,0,100.0,0.025,1.0
1,0.5,0.1,0.8,500,9,443340507,1000,25,975,0,100.2,0.025,1.0
1,0.5,0.1,0.8,1000,0,1686788418,1000,25,975,0,100.225,0.025,1.0
1,0.5,0.1,0.8,1000,1,500022286,1000,27,973,0,100.225,0.027,1.0
1,0.5,0.1,0.8,1000,2,187281192,999,28,972,1,100.0,0.028,0.999
1,0.5,0.1,0.8,1000,3,3910606300,999,25,975,1,100.0,0.025,0.999
1,0.5,0.1,0.8,1000,4,174393816,1000,31,969,0,100.0,0.031,1.0
1,0.5,0.1,0.8,1000,5,2259322562,999,27,973,1,100.0,0.027,0.999
1,0.5,0.1,0.8,1000,6,943682649,999,26,974,1,100.22522522522523,0.026,0.999
1,0.5,0.1,0.8,1000,7,2815678689,1000,28,972,0,100.0,0.028,1.0
1,0.5,0.1,0.8,1000,8,406932276,1000,27,973,0,100.225,0.027,1.0
1,0.5,0.1,0.8,1000,9,2035120025,999,39,961,1,100.22522522522523,0.039,0.999
1,0.5,0.5,0.8,200,0,403698223,1000,428,572,0,100.0,0.428,1.0
1,0.5,0.5,0.8,200,1,1832984044,1000,401,599,0,100.0,0.401,1.0
1,0.5,0.5,0.8,200,2,61468959,1000,398,602,0,100.0,0.398,1.0
1,0.5,0.5,0.8,200,3,129871720,1000,403,597,0,100.0,0.403,1.0
1,0.5,0.5,0.8,200,4,1037332986,1000,410,590,0,100.0,0.41,1.0
1,0.5,0.5,0.8,200,5,2373484397,1000,410,590,0,100.0,0.41,1.0
1,0.5,0.5,0.8,200,6,415863908,1000,403,597,0,100.0,0.403,1.0
1,0.5,0.5,0.8,200,7,109539088,1000,412,588,0,100.0,0.412,1.0
1,0.5,0.5,0.8,200,8,413199403,1000,393,607,0,100.0,0.393,1.0
1,0.5,0.5,0.8,200,9,1559513786,1000,394,606,0,100.0,0.394,1.0
1,0.5,0.5,0.8,500,0,4281350415,1000,452,548,0,100.1,0.452,1.0
1,0.5,0.5,0.8,500,1,620885659,1000,436,564,0,100.0,0.436,1.0
1,0.5,0.5,0.8,500,2,2471655316,1000,456,544,0,100.0,0.456,1.0
1,0.5,0.5,0.8,500,3,343136360,1000,458,542,0,100.0,0.458,1.0
1,0.5,0.5,0.8,500,4,2285289856,1000,444,556,0,100.0,0.444,1.0
1,0.5,0.5,0.8,500,5,2067032300,1000,435,565,0,100.0,0.435,1.0
1,0.5,0.5,0.8,500,6,3242889498,1000,435,565,0,100.0,0.435,1.0
1,0.5,0.5,0.8,500,7,2669267858,1000,434,566,0,100.0,0.434,1.0
1,0.5,0.5,0.8,500,8,2708864418,1000,427,573,0,100.0,0.427,1.0
1,0.5,0.5,0.8,500,9,382092798,1000,453,547,0,100.0,0.453,1.0
1,0.5,0.5,0.8,1000,0,2839818482,1000,457,543,0,100.0,0.457,1.0
1,0.5,0.5,0.8,1000,1,4117427761,1000,445,555,0,100.0,0.445,1.0
1,0.5,0.5,0.8,1000,2,832866267,1000,466,534,0,100.0,0.466,1.0
1,0.5,0.5,0.8,1000,3,2357591654,1000,438,562,0,100.0,0.438,1.0
1,0.5,0.5,0.8,1000,4,440060028,1000,442,558,0,100.0,0.442,1.0
1,0.5,0.5,0.8,1000,5,2921498685,1000,460,540,0,100.0,0.46,1.0
1,0.5,0.5,0.8,1000,6,243943636,1000,444,556,0,100.0,0.444,1.0
1,0.5,0.5,0.8,1000,7,417921259,1000,464,536,0,100.0,0.464,1.0
1,0.5,0.5,0.8,1000,8,1053124279,1000,465,535,0,100.0,0.465,1.0
1,0.5,0.5,0.8,1000,9,4040489472,1000,432,568,0,100.0,0.432,1.0
1,0.5,1.0,0.8,200,0,3868628439,1000,1000,0,0,100.0,1.0,1.0
1,0.5,1.0,0.8,200,1,2599443459,1000,1000,0,0,100.0,1.0,1.0
1,0.5,1.0,0.8,200,2,4090199242,1000,1000,0,0,100.0,1.0,1.0
1,0.5,1.0,0.8,200,3,3869525175,1000,1000,0,0,100.0,1.0,1.0
1,0.5,1.0,0.8,200,4,683809015,1000,1000,0,0,100.0,1.0,1.0
1,0.5,1.0,0.8,200,5,3726093096,1000,1000,0,0,100.0,1.0,1.0
1,0.5,1.0,0.8,200,6,1672353741,1000,1000,0,0,100.0,1.0,1.0
1,0.5,1.0,0.8,200,7,2677570407,1000,1000,0,0,100.0,1.0,1.0
1,0.5,1.0,0.8,200,8,1468731815,1000,1000,0,0,100.0,1.0,1.0
1,0.5,1.0,0.8,200,9,3298034335,1000,1000,0,0,100.0,1.0,1.0
1,0.5,1.0,0.8,500,0,2121232148,1000,1000,0,0,100.0,1.0,1.0
1,0.5,1.0,0.8,500,1,164997578,1000,1000,0,0,100.0,1.0,1.0
1,0.5,1.0,0.8,500,2,2490024565,1000,1000,0,0,100.0,1.0,1.0
1,0.5,1.0,0.8,500,3,2079121810,1000,1000,0,0,100.0,1.0,1.0
1,0.5,1.0,0.8,500,4,2049088126,1000,1000,0,0,100.0,1.0,1.0
1,0.5,1.0,0.8,500,5,3333934872,1000,1000,0,0,100.0,1.0,1.0
1,0.5,1.0,0.8,500,6,1918352080,1000,1000,0,0,100.0,1.0,1.0
1,0.5,1.0,0.8,500,7,1307001277,1000,1000,0,0,100.0,1.0,1.0
1,0.5,1.0,0.8,500,8,2552848339,1000,1000,0,0,100.0,1.0,1.0
1,0.5,1.0,0.8,500,9,2776776547,1000,1000,0,0,100.0,1.0,1.0
1,0.5,1.0,0.8,1000,0,4178808339,1000,1000,0,0,100.0,1.0,1.0
1,0.5,1.0,0.8,1000,1,1307176042,1000,1000,0,0,100.0,1.0,1.0
1,0.5,1.0,0.8,1000,2,3457261445,1000,1000,0,0,100.0,1.0,1.0
1,0.5,1.0,0.8,1000,3,4227596683,1000,1000,0,0,100.0,1.0,1.0
1,0.5,1.0,0.8,1000,4,704375069,1000,1000,0,0,100.0,1.0,1.0
1,0.5,1.0,0.8,1000,5,928009578,1000,1000,0,0,100.0,1.0,1.0
1,0.5,1.0,0.8,1000,6,1788486098,1000,1000,0,0,100.0,1.0,1.0
1,0.5,1.0,0.8,1000,7,1250305257,1000,1000,0,0,100.0,1.0,1.0
1,0.5,1.0,0.8,1000,8,3540698577,1000,1000,0,0,100.0,1.0,1.0
1,0.5,1.0,0.8,1000,9,3579274484,1000,1000,0,0,100.0,1.0,1.0
